,,,BNPAGE_Insoluble,BNPAGE_Insoluble,BNPAGE_Insoluble,BNPAGE_Insoluble,BNPAGE_Insoluble,BNPAGE_Insoluble,BNPAGE_Insoluble,BNPAGE_Insoluble,BNPAGE_Insoluble,BNPAGE_Insoluble,BNPAGE_Insoluble,BNPAGE_Insoluble,BNPAGE_Insoluble,BNPAGE_Insoluble,BNPAGE_Insoluble,BNPAGE_Soluble,BNPAGE_Soluble,BNPAGE_Soluble,BNPAGE_Soluble,BNPAGE_Soluble,BNPAGE_Soluble,BNPAGE_Soluble,BNPAGE_Soluble,BNPAGE_Soluble,BNPAGE_Soluble,BNPAGE_Soluble,BNPAGE_Soluble
Protein, Identified Pep NO (p>0.95),SDSPAGE,F1,F2,F3,F4,F5,F6,F7,F8,F9,F10,F11,F12,F13,F14,F15,F1,F2,F3,F4,F5,F6,F7,F8,F9,F10,F11,F12
AT1G02370.1,WT,2,0,0,0,0,0,0,0,0,0,0,0,0,0,0,0,0,0,0,0,0,0,0,0,0,0,0,0
AT1G02370.1,lon1-1,7,0,0,0,0,0,0,0,0,0,0,0,0,0,0,0,0,0,0,0,0,0,0,0,0,0,0,0
AT1G02410.1,WT,0,0,0,0,0,0,0,0,0,0,0,0,0,0,0,0,0,0,0,0,0,0,0,0,0,0,0,0
AT1G02410.1,lon1-1,0,0,0,0,0,0,0,0,0,0,0,0,0,0,0,0,0,0,0,0,0,0,0,0,0,0,0,0
AT1G03090.2,WT,10,0,0,0,0,0,0,0,0,0,0,0,0,2,4,0,1,10,3,0,1,1,1,1,1,0,6,5
AT1G03090.2,lon1-1,7,0,0,0,0,0,0,0,0,0,0,0,0,4,5,0,0,1,0,0,1,1,1,2,0,1,2,4
AT1G03100.1,WT,0,0,0,0,0,0,0,0,0,0,0,0,0,0,0,0,0,0,0,0,0,0,0,0,0,0,0,0
AT1G03100.1,lon1-1,0,0,0,0,0,0,0,0,0,0,0,0,0,0,0,0,0,0,0,0,0,0,0,0,0,0,0,0
"AT1G03860.1,AT1G03860.3",WT,20,11,15,17,3,0,0,0,0,0,0,0,0,0,0,0,0,0,0,0,0,0,0,0,0,0,0,0
"AT1G03860.1,AT1G03860.3",lon1-1,21,13,14,14,3,1,0,0,1,3,1,0,1,1,4,2,0,0,0,0,0,0,0,0,0,0,0,0
"AT1G04640.1,AT1G04640.2",WT,16,0,0,0,0,0,0,0,0,0,0,0,0,0,0,0,0,0,0,0,0,0,0,0,0,0,0,3
"AT1G04640.1,AT1G04640.2",lon1-1,15,0,0,0,0,0,0,0,0,0,0,0,0,0,0,0,0,0,0,0,0,0,0,0,0,0,0,2
AT1G04900.1,WT,5,0,0,0,0,0,0,0,0,0,0,0,0,0,0,0,0,0,0,0,0,0,0,0,0,0,0,0
AT1G04900.1,lon1-1,4,0,0,0,0,0,0,0,0,0,0,0,0,0,0,0,0,0,0,0,0,0,0,0,0,0,0,0
"AT1G06130.1,AT1G06130.2",WT,3,0,0,0,0,0,0,0,0,0,0,0,0,0,0,0,0,0,0,0,0,0,0,0,0,0,0,0
"AT1G06130.1,AT1G06130.2",lon1-1,3,0,0,0,0,0,0,0,0,0,0,0,0,0,0,0,0,0,0,0,0,0,0,0,0,0,0,0
AT1G06530.1,WT,23,0,0,0,0,0,0,0,1,0,1,0,2,0,0,3,0,0,0,0,0,0,0,0,0,0,0,0
AT1G06530.1,lon1-1,22,0,0,0,0,0,0,0,0,0,1,0,0,1,6,5,0,0,0,0,0,0,0,0,0,0,0,0
AT1G07210.1,WT,0,0,0,0,0,0,0,0,0,0,0,0,0,0,0,0,0,0,0,0,0,0,0,0,0,0,0,0
AT1G07210.1,lon1-1,0,0,0,0,0,0,0,0,0,0,0,0,0,0,0,0,0,0,0,0,0,0,0,0,0,0,0,0
AT1G07615.1,WT,0,0,0,0,0,0,0,0,0,0,0,0,0,0,0,0,0,0,0,0,0,0,0,0,0,0,0,0
AT1G07615.1,lon1-1,0,0,0,0,0,0,0,0,0,0,0,0,0,0,0,0,0,0,0,0,0,0,0,0,0,0,0,0
AT1G07830.1,WT,16,0,0,0,0,0,0,0,0,0,0,0,0,0,0,0,0,0,0,0,0,0,0,0,0,0,0,0
AT1G07830.1,lon1-1,16,0,0,0,0,0,0,0,0,0,0,0,0,0,0,0,0,0,0,0,0,0,0,0,0,0,0,0
AT1G08480.1,WT,33,0,0,0,0,0,0,0,0,0,0,0,2,0,0,3,0,0,0,0,0,0,0,0,0,0,0,0
AT1G08480.1,lon1-1,22,0,0,0,0,0,1,0,1,1,0,4,2,0,2,6,0,0,0,0,0,0,0,0,0,0,0,0
"AT1G11860.1,AT1G11860.2,AT1G11860.3",WT,267,3,7,5,4,6,3,13,33,36,22,12,37,42,57,73,16,43,40,35,60,63,69,82,80,106,111,126
"AT1G11860.1,AT1G11860.2,AT1G11860.3",lon1-1,374,14,9,21,15,15,17,25,37,56,44,32,41,55,77,68,4,19,34,34,39,57,60,72,85,95,113,111
AT1G14140.1,WT,12,0,0,0,0,0,0,0,0,0,0,0,0,0,0,0,0,0,0,0,0,0,0,0,0,0,0,0
AT1G14140.1,lon1-1,7,0,0,0,0,0,0,0,0,0,0,0,0,0,0,0,0,0,0,0,0,0,0,0,0,0,0,0
AT1G14980.1,WT,44,0,0,0,0,0,0,0,0,0,0,0,0,1,1,17,0,0,0,0,0,0,0,0,1,0,1,2
AT1G14980.1,lon1-1,46,0,0,0,0,0,0,0,0,0,0,0,0,0,2,16,0,0,0,0,0,0,0,0,0,0,1,0
AT1G15480.1,WT,6,0,0,0,0,0,0,0,0,0,0,0,0,0,0,0,0,0,0,0,0,0,0,0,0,0,0,0
AT1G15480.1,lon1-1,10,0,0,0,0,0,0,0,0,0,0,0,0,0,0,0,0,0,0,0,0,0,0,0,0,0,0,0
AT1G15810.1,WT,4,0,0,0,0,0,0,0,0,0,0,0,0,0,0,0,0,0,0,0,0,0,0,0,0,0,0,0
AT1G15810.1,lon1-1,2,0,0,0,0,0,0,0,0,0,0,0,0,0,0,0,0,0,0,0,0,0,0,0,0,0,0,0
AT1G16700.1,WT,6,2,4,5,1,0,0,0,0,0,0,0,0,0,0,0,0,0,0,0,0,0,0,0,0,0,0,0
AT1G16700.1,lon1-1,2,1,6,1,0,0,0,0,0,0,0,0,0,0,0,0,0,0,0,0,0,0,0,0,0,0,0,0
AT1G16740.1,WT,4,0,0,0,0,0,0,0,0,0,0,0,0,0,0,0,0,0,0,0,0,0,0,0,0,0,0,0
AT1G16740.1,lon1-1,3,0,0,0,0,0,0,0,0,0,0,0,0,0,0,0,0,0,0,0,0,0,0,0,0,0,0,0
AT1G16870.1,WT,5,0,0,0,0,0,0,0,0,0,0,0,0,0,0,0,0,0,0,0,0,0,0,0,0,0,0,0
AT1G16870.1,lon1-1,8,0,0,0,0,0,0,0,0,0,0,0,0,0,0,0,0,0,0,0,0,0,0,0,0,0,0,0
AT1G17290.1,WT,61,0,0,0,0,0,0,0,0,0,0,0,1,0,0,0,0,0,0,0,0,0,0,0,0,1,1,0
AT1G17290.1,lon1-1,55,0,0,2,0,0,0,0,0,1,1,0,0,3,4,2,0,0,0,0,0,1,0,0,0,0,1,1
AT1G18600.1,WT,2,0,0,0,0,0,0,0,0,0,0,0,0,0,0,0,0,0,0,0,0,0,0,0,0,0,0,0
AT1G18600.1,lon1-1,1,0,0,0,0,0,0,0,0,0,0,0,0,0,0,0,0,0,0,0,0,0,0,0,0,0,0,0
AT1G18630.1,WT,10,0,0,0,0,0,0,0,0,0,0,0,0,0,0,0,0,0,0,0,0,0,0,0,0,0,0,0
AT1G18630.1,lon1-1,7,0,0,0,0,0,0,0,0,0,0,0,0,0,0,0,0,0,0,0,0,0,0,0,0,0,0,0
AT1G19520.1,WT,6,0,0,0,0,0,0,0,0,0,0,0,0,0,0,0,0,0,0,0,0,0,0,0,0,0,0,0
AT1G19520.1,lon1-1,2,0,0,0,0,0,0,0,0,0,0,0,0,0,4,3,0,0,0,0,0,0,0,0,0,0,0,0
AT1G19580.1,WT,21,14,23,24,9,2,1,1,1,0,1,0,0,0,2,0,0,0,0,0,0,0,0,0,0,0,0,0
AT1G19580.1,lon1-1,11,13,22,22,4,2,4,1,0,1,0,0,0,2,2,2,0,0,0,0,0,0,0,0,0,0,0,0
AT1G20430.1,WT,4,0,0,0,0,0,0,0,0,0,0,0,0,0,0,0,0,0,0,0,0,0,0,0,0,0,0,0
AT1G20430.1,lon1-1,4,0,0,0,0,0,0,0,0,0,0,0,0,0,0,0,0,0,0,0,0,0,0,0,0,0,0,0
AT1G22450.1,WT,56,0,0,0,0,0,0,0,0,0,0,0,0,0,0,0,0,0,0,0,0,0,0,0,0,0,0,0
AT1G22450.1,lon1-1,21,0,0,0,0,0,0,0,0,0,0,0,0,0,0,0,0,0,0,0,0,0,0,0,0,0,0,0
AT1G22800.1,WT,5,0,0,0,0,0,0,0,0,0,0,0,0,0,0,0,0,0,0,0,0,0,0,0,0,0,0,0
AT1G22800.1,lon1-1,6,0,0,0,0,0,0,0,0,0,0,0,0,0,0,0,0,0,0,0,0,0,0,0,0,0,0,0
AT1G23100.1,WT,12,0,0,0,0,0,0,0,0,0,0,0,0,0,0,1,0,0,0,0,0,0,0,0,0,0,0,0
AT1G23100.1,lon1-1,20,0,0,0,0,0,0,0,0,0,0,0,0,0,0,1,0,0,0,0,0,0,0,0,0,0,0,0
AT1G23800.1,WT,9,0,0,0,0,0,0,0,1,1,20,0,0,0,0,0,0,0,0,0,4,4,12,59,2,0,0,0
AT1G23800.1,lon1-1,5,0,0,0,0,0,0,0,1,5,27,0,0,0,0,0,0,0,0,0,0,2,7,49,7,0,0,0
AT1G24180.1,WT,92,0,0,0,0,0,0,1,8,10,11,9,16,30,35,18,2,6,11,13,15,27,19,37,41,45,53,22
AT1G24180.1,lon1-1,90,0,0,5,0,1,2,1,5,16,15,6,16,18,33,18,1,1,3,3,1,11,13,14,22,31,36,19
AT1G24340.1,WT,6,0,0,0,0,0,0,0,0,0,0,0,0,0,0,0,0,0,0,0,0,0,0,0,0,0,0,1
AT1G24340.1,lon1-1,2,0,0,0,0,0,0,0,0,0,0,0,0,0,0,0,0,0,0,0,0,0,0,0,0,0,0,1
AT1G25380.1,WT,0,0,0,0,0,0,0,0,0,0,0,0,0,0,0,0,0,0,0,0,0,0,0,0,0,0,0,0
AT1G25380.1,lon1-1,2,0,0,0,0,0,0,0,0,0,0,0,0,0,0,0,0,0,0,0,0,0,0,0,0,0,0,0
AT1G26460.1,WT,32,0,0,0,0,0,0,0,2,1,7,4,20,5,1,0,0,2,2,1,5,4,6,9,12,17,4,0
AT1G26460.1,lon1-1,36,0,0,0,0,0,0,0,1,10,15,10,26,12,3,3,0,0,0,0,1,2,4,10,18,19,2,1
AT1G26740.1,WT,1,0,0,0,0,0,0,0,0,0,0,0,0,0,0,0,0,0,0,0,0,0,0,0,0,0,0,0
AT1G26740.1,lon1-1,0,0,0,0,0,0,0,0,0,0,0,0,0,0,0,0,0,0,0,0,0,0,0,0,0,0,0,0
AT1G26750.1,WT,7,0,0,0,0,0,0,0,0,0,0,0,0,0,0,0,0,0,0,0,0,0,0,0,0,0,0,0
AT1G26750.1,lon1-1,7,0,0,0,0,0,0,0,0,0,0,0,0,0,0,0,0,0,0,0,0,0,0,0,0,0,0,0
AT1G27390.1,WT,6,0,0,0,0,0,0,0,3,0,0,0,0,0,0,0,0,0,0,0,0,0,0,0,0,0,0,0
AT1G27390.1,lon1-1,1,0,0,0,0,0,0,0,1,1,0,0,0,0,0,0,0,0,0,0,0,0,0,0,0,0,0,0
AT1G28510.1,WT,11,0,0,0,0,0,0,0,0,0,0,0,0,0,0,0,0,0,0,0,0,0,0,0,0,0,0,0
AT1G28510.1,lon1-1,11,0,0,0,0,0,0,0,0,0,0,0,0,0,0,0,0,0,0,0,0,0,0,0,0,0,0,0
AT1G29810.1,WT,7,0,0,0,0,0,0,0,0,0,0,0,0,0,0,0,0,0,0,0,0,0,0,0,0,0,0,0
AT1G29810.1,lon1-1,3,0,0,0,0,0,0,0,0,0,0,0,0,0,0,0,0,0,0,0,0,0,0,0,0,0,0,0
AT1G29880.1,WT,0,0,0,0,0,0,0,0,0,0,0,0,0,0,0,0,0,0,0,0,0,0,0,0,0,0,0,0
AT1G29880.1,lon1-1,0,0,0,0,0,0,0,0,0,0,0,0,0,0,0,0,0,0,0,0,0,0,0,1,0,0,1,1
AT1G30680.1,WT,0,0,0,0,0,0,0,0,0,0,0,0,0,0,0,0,0,0,0,0,0,0,0,0,0,0,0,0
AT1G30680.1,lon1-1,2,0,0,0,0,0,0,0,0,0,0,0,0,0,0,0,0,0,0,0,0,0,0,0,0,0,0,0
AT1G31817.1,WT,14,0,0,0,0,0,0,0,0,0,0,0,0,0,0,0,0,0,0,0,0,0,0,0,0,0,0,0
AT1G31817.1,lon1-1,8,0,0,0,0,0,0,0,0,0,0,0,0,0,0,0,0,0,0,0,0,0,0,0,0,0,0,0
AT1G32470.1,WT,58,0,0,0,0,0,0,0,0,0,0,0,0,0,0,0,0,0,0,0,0,0,0,0,0,0,0,0
AT1G32470.1,lon1-1,39,0,0,0,0,0,0,0,0,0,0,0,0,0,0,0,0,0,0,0,0,0,0,0,0,0,0,1
AT1G32580.1,WT,0,0,0,0,0,0,0,0,0,0,0,0,0,0,0,0,0,0,0,0,0,0,0,0,0,0,0,0
AT1G32580.1,lon1-1,2,0,0,0,0,0,0,0,0,0,0,0,0,0,0,0,0,0,0,0,0,0,0,0,0,0,0,0
AT1G34360.1,WT,2,0,0,0,0,0,0,0,0,0,0,0,0,0,0,0,0,0,0,0,0,0,0,0,0,0,0,0
AT1G34360.1,lon1-1,3,0,0,0,0,0,0,0,0,0,0,0,0,0,0,0,0,0,0,0,0,0,0,0,0,0,0,0
AT1G47260.1,WT,104,61,109,113,29,7,5,4,4,0,1,0,0,0,5,1,1,0,0,0,0,0,0,0,0,0,0,0
AT1G47260.1,lon1-1,51,56,88,83,23,5,9,3,0,3,0,0,2,6,14,16,0,0,0,0,0,0,0,0,0,0,0,0
AT1G47420.1,WT,73,0,0,0,0,0,0,0,0,0,1,1,10,1,0,0,0,0,0,0,0,0,0,0,0,0,0,0
AT1G47420.1,lon1-1,69,0,0,0,0,0,0,0,1,2,3,3,6,4,4,2,0,0,0,0,0,0,0,0,0,0,0,0
"AT1G48030.1,AT1G48030.2",WT,362,0,0,1,0,0,0,2,9,6,9,3,19,16,25,243,20,20,21,12,29,34,26,38,52,82,382,300
"AT1G48030.1,AT1G48030.2",lon1-1,372,2,1,8,4,3,8,12,23,26,22,10,33,32,53,242,1,6,18,11,17,25,22,27,37,58,209,269
AT1G48420.1,WT,1,0,0,0,0,0,0,0,0,0,0,0,0,0,0,0,0,0,0,0,0,0,0,0,0,0,0,0
AT1G48420.1,lon1-1,0,0,0,0,0,0,0,0,0,0,0,0,0,0,0,0,0,0,0,0,0,0,0,0,0,0,0,0
AT1G50940.1,WT,19,0,0,0,0,0,0,0,0,0,0,0,0,0,0,0,0,0,0,0,0,0,0,0,0,0,0,0
AT1G50940.1,lon1-1,13,0,0,0,0,0,0,0,0,0,0,0,0,0,0,0,0,0,0,0,0,0,0,0,0,0,0,0
AT1G51390.1,WT,4,0,0,0,0,0,0,0,0,0,0,0,0,0,0,0,0,0,0,0,0,0,0,0,0,0,0,0
AT1G51390.1,lon1-1,4,0,0,0,0,0,0,0,0,0,0,0,0,0,0,0,0,0,0,0,0,0,0,0,0,0,0,0
AT1G51610.1,WT,0,0,0,0,0,0,0,0,0,0,0,0,0,0,0,0,0,0,0,0,0,0,0,0,0,0,0,0
AT1G51610.1,lon1-1,0,0,0,0,0,0,0,0,0,0,0,0,0,0,0,0,0,0,0,0,0,0,0,0,0,0,0,0
AT1G51650.1,WT,0,0,0,0,0,0,0,0,0,0,0,0,0,0,0,0,0,0,0,0,0,0,0,0,0,0,0,0
AT1G51650.1,lon1-1,2,0,0,0,0,0,0,0,0,0,0,0,0,0,0,0,0,0,0,0,0,0,0,0,0,0,0,0
AT1G51980.1,WT,348,118,248,48,96,91,296,13,0,0,0,3,0,0,1,5,1,43,17,0,0,0,0,0,0,0,2,3
AT1G51980.1,lon1-1,396,127,191,158,185,196,341,1,2,6,6,0,5,8,25,42,0,10,12,0,1,6,1,5,8,7,11,12
AT1G53000.1,WT,15,0,0,0,0,0,0,0,0,0,0,0,0,0,0,0,0,0,0,0,0,0,0,0,0,0,0,0
AT1G53000.1,lon1-1,7,0,0,0,0,0,0,0,0,0,0,0,0,0,0,0,0,0,0,0,0,0,0,0,0,0,0,0
AT1G53240.1,WT,489,0,0,0,3,0,0,0,5,3,4,1,13,19,37,47,13,10,7,6,9,20,17,34,50,77,129,170
AT1G53240.1,lon1-1,575,3,4,19,10,10,7,16,27,25,25,11,26,40,65,73,3,8,8,8,15,23,21,38,48,73,117,165
AT1G53645.1,WT,10,0,0,0,0,0,0,0,0,0,0,0,0,0,0,0,0,0,0,0,0,0,0,0,0,0,0,0
AT1G53645.1,lon1-1,5,0,0,0,0,0,0,0,0,0,0,0,0,1,1,0,0,0,0,0,0,0,0,0,0,0,0,0
AT1G53760.1,WT,8,0,0,0,0,0,0,0,0,0,0,0,0,0,0,0,0,0,0,0,0,0,0,0,0,0,0,0
AT1G53760.1,lon1-1,4,0,0,0,0,0,0,0,0,0,0,0,0,0,0,0,0,0,0,0,0,0,0,0,0,0,0,0
"AT1G54220.1,AT1G54220.2",WT,126,3,1,3,2,2,1,7,7,8,8,2,2,6,10,17,3,7,6,6,9,9,5,9,5,4,3,6
"AT1G54220.1,AT1G54220.2",lon1-1,104,2,1,5,2,2,2,7,5,11,10,4,4,5,14,16,0,2,3,3,3,2,4,2,0,0,2,1
"AT1G55160.1,AT1G55160.3",WT,3,0,0,0,0,0,0,0,0,0,0,0,0,0,0,0,0,0,0,0,0,0,0,0,0,0,0,0
"AT1G55160.1,AT1G55160.3",lon1-1,4,0,0,0,0,0,0,0,0,0,0,0,0,0,0,0,0,0,0,0,0,0,0,0,0,0,0,0
AT1G55890.1,WT,16,0,0,0,0,0,0,0,0,0,0,0,0,0,0,0,0,0,0,0,0,0,0,0,0,0,0,0
AT1G55890.1,lon1-1,26,0,0,0,0,0,0,0,0,0,0,0,0,0,0,0,0,0,0,0,0,0,0,0,0,0,0,0
"AT1G55900.1,AT1G55900.2",WT,1,0,0,0,0,0,0,0,0,0,0,0,0,0,0,0,0,0,0,0,0,0,0,0,0,0,0,0
"AT1G55900.1,AT1G55900.2",lon1-1,3,0,0,0,0,0,0,0,0,0,0,0,0,0,0,0,0,0,0,0,0,0,0,0,0,0,0,0
AT1G56560.1,WT,1,0,0,0,0,0,0,0,0,0,0,0,0,0,0,0,4,11,7,1,0,0,0,0,0,0,0,0
AT1G56560.1,lon1-1,4,0,0,1,0,0,1,0,0,0,0,0,0,0,0,0,0,7,9,11,7,0,0,0,0,0,0,0
AT1G59900.1,WT,74,0,0,0,0,0,0,0,1,1,0,2,5,14,36,14,2,2,4,6,9,17,15,31,32,51,87,15
AT1G59900.1,lon1-1,82,0,0,2,0,0,0,0,3,6,7,1,9,12,37,15,0,0,0,1,1,5,9,13,21,38,69,14
AT1G60770.1,WT,12,0,0,0,0,0,0,0,0,0,0,0,0,0,0,0,0,0,0,0,0,0,0,0,0,0,0,0
AT1G60770.1,lon1-1,13,0,0,0,0,0,0,0,0,0,0,0,0,0,0,1,0,0,0,0,0,0,0,0,0,0,0,0
AT1G61570.1,WT,12,0,0,0,0,0,0,0,0,0,0,0,0,0,0,0,0,0,0,0,0,0,0,0,0,0,0,0
AT1G61570.1,lon1-1,17,0,0,0,0,0,0,0,0,0,0,0,0,0,0,0,0,0,0,0,0,0,0,0,0,0,0,0
AT1G61870.1,WT,13,0,0,0,0,0,0,0,0,0,0,0,0,0,0,0,0,0,0,0,0,0,0,0,0,0,0,0
AT1G61870.1,lon1-1,12,0,0,0,0,0,0,0,0,0,0,0,0,0,0,0,0,0,0,0,0,0,0,0,0,0,0,0
AT1G61990.1,WT,0,0,0,0,0,0,0,0,0,0,0,0,0,0,0,0,0,0,0,0,0,0,0,0,0,0,0,0
AT1G61990.1,lon1-1,1,0,0,0,0,0,0,0,0,0,0,0,0,0,0,0,0,0,0,0,0,0,0,0,0,0,0,0
AT1G62110.1,WT,0,0,0,0,0,0,0,0,0,0,0,0,0,0,0,0,0,0,0,0,0,0,0,0,0,0,0,0
AT1G62110.1,lon1-1,0,0,0,0,0,0,0,0,0,0,0,0,0,0,0,0,0,0,0,0,0,0,0,0,0,0,0,0
AT1G62730.1,WT,4,0,0,0,0,0,0,0,0,0,0,0,0,0,0,0,0,0,0,0,0,0,0,0,0,0,0,0
AT1G62730.1,lon1-1,2,0,0,0,0,0,0,0,0,0,0,0,0,0,0,0,0,0,0,0,0,0,0,0,0,0,0,0
AT1G63730.1,WT,0,0,0,0,0,0,0,0,0,0,0,0,0,0,0,0,0,0,0,0,0,0,0,0,0,0,0,0
AT1G63730.1,lon1-1,0,0,0,0,0,0,0,0,0,0,0,0,0,0,0,0,0,0,0,0,0,0,0,0,0,0,0,0
"AT1G63770.3,AT1G63770.4,AT1G63770.5",WT,1,0,0,0,0,0,0,0,0,0,0,0,0,0,0,0,0,0,0,0,0,0,0,0,0,0,0,0
"AT1G63770.3,AT1G63770.4,AT1G63770.5",lon1-1,1,0,0,0,0,0,0,0,0,0,0,0,0,0,0,0,0,0,0,0,0,0,0,0,0,0,0,0
AT1G64190.1,WT,22,0,0,0,0,0,0,0,0,0,0,0,1,3,4,5,0,0,2,1,4,2,1,5,7,19,13,21
AT1G64190.1,lon1-1,5,0,0,0,0,0,0,0,0,0,0,0,0,3,1,3,0,0,1,0,0,1,1,0,3,18,10,14
AT1G64880.1,WT,13,0,0,0,0,0,0,0,0,0,0,0,0,0,0,0,0,1,0,0,0,0,1,0,0,1,0,1
AT1G64880.1,lon1-1,20,0,0,0,0,0,0,0,0,0,0,0,0,0,1,0,0,0,0,0,0,0,1,0,0,0,0,0
AT1G65290.1,WT,30,0,0,0,0,0,0,0,0,0,0,0,0,0,0,0,0,0,0,0,0,0,0,0,0,0,0,0
AT1G65290.1,lon1-1,17,0,0,0,0,0,0,0,0,0,0,0,0,0,0,0,0,0,0,0,0,0,0,0,0,0,0,0
AT1G65540.1,WT,32,0,0,0,0,0,0,0,0,1,2,0,4,9,18,0,0,0,0,0,0,0,0,0,0,0,0,0
AT1G65540.1,lon1-1,27,0,0,0,0,0,1,4,4,2,3,1,5,16,30,1,0,0,0,0,0,0,0,0,0,0,0,0
"AT1G67350.1,AT1G67350.2",WT,40,0,19,13,0,0,0,0,0,0,0,0,0,0,0,0,0,0,0,0,0,0,0,0,0,0,0,0
"AT1G67350.1,AT1G67350.2",lon1-1,24,4,6,7,0,0,0,0,0,0,0,0,0,0,0,0,0,0,0,0,0,0,0,0,0,0,0,0
AT1G68680.1,WT,3,0,0,0,0,0,0,0,0,0,0,0,0,0,0,0,0,0,0,0,0,0,0,0,0,0,0,0
AT1G68680.1,lon1-1,0,0,0,0,0,0,0,0,0,0,0,0,0,0,0,0,0,0,0,0,0,0,0,0,0,0,0,0
"AT1G70190.1,AT1G70190.2",WT,4,0,0,0,0,0,0,0,0,0,0,0,0,0,0,0,0,0,0,0,0,0,0,0,0,0,0,0
"AT1G70190.1,AT1G70190.2",lon1-1,2,0,0,0,0,0,0,0,0,0,0,0,0,0,0,0,0,0,0,0,0,0,0,0,0,0,0,0
AT1G71260.1,WT,5,0,0,0,0,0,0,0,0,0,0,0,0,0,0,0,0,0,0,0,0,0,0,0,0,0,0,0
AT1G71260.1,lon1-1,21,0,0,0,0,0,0,0,0,0,0,0,0,0,0,0,0,0,0,0,0,0,0,0,0,0,0,0
"AT1G71310.1,AT1G71310.2",WT,10,0,0,0,0,0,0,0,0,0,0,0,0,0,0,0,0,0,0,0,0,0,0,0,0,0,0,0
"AT1G71310.1,AT1G71310.2",lon1-1,9,0,0,0,0,0,0,0,0,0,0,0,0,0,0,0,0,0,0,0,0,0,0,0,0,0,0,0
AT1G71730.1,WT,1,0,0,0,0,0,0,0,0,0,0,0,0,0,0,0,0,0,0,0,0,0,0,0,0,0,1,0
AT1G71730.1,lon1-1,0,0,0,0,0,0,0,0,0,0,0,0,0,0,0,0,0,0,0,0,0,0,0,0,0,0,0,0
AT1G72170.1,WT,18,0,0,0,0,0,0,0,0,0,0,0,0,0,1,1,0,0,0,0,0,0,0,0,0,0,0,0
AT1G72170.1,lon1-1,14,0,0,0,0,0,0,0,0,0,0,0,0,0,0,1,0,0,0,0,0,0,0,0,0,0,0,0
AT1G73940.1,WT,7,0,0,0,0,0,0,0,0,0,0,0,0,0,0,0,0,0,0,0,0,0,0,0,0,0,0,0
AT1G73940.1,lon1-1,4,0,0,0,0,0,0,0,0,0,0,0,0,0,0,0,0,0,0,0,0,0,0,0,0,0,0,0
AT1G74230.1,WT,29,0,0,0,0,0,0,0,0,0,0,0,0,0,0,0,0,0,0,0,0,0,0,0,0,0,0,0
AT1G74230.1,lon1-1,24,0,0,0,0,0,0,0,0,0,0,0,0,0,0,0,0,0,0,0,0,0,0,0,0,0,0,1
AT1G74260.1,WT,1,0,0,0,0,0,0,0,0,0,0,0,0,0,2,0,0,0,0,0,0,0,0,0,0,0,0,10
AT1G74260.1,lon1-1,1,0,0,0,0,0,0,0,0,0,0,0,0,0,0,0,0,0,0,0,0,0,0,0,0,2,2,11
AT1G76060.1,WT,1,0,0,0,0,0,0,0,0,0,0,0,0,0,0,0,0,0,0,0,0,0,0,0,0,0,0,0
AT1G76060.1,lon1-1,0,0,0,0,0,0,0,0,0,0,0,0,0,0,0,0,0,0,0,0,0,0,0,0,0,0,0,0
AT1G77750.1,WT,6,0,0,0,0,0,0,0,0,0,0,0,0,0,0,0,0,0,0,0,0,0,0,0,0,0,0,0
AT1G77750.1,lon1-1,6,0,0,0,0,0,0,0,0,0,0,0,0,0,0,0,0,0,0,0,0,0,0,0,0,0,0,0
AT1G79010.1,WT,6,5,6,9,1,0,0,0,0,0,0,0,0,0,0,0,0,0,0,0,0,0,0,0,0,0,0,0
AT1G79010.1,lon1-1,4,2,8,3,0,0,0,0,0,0,0,0,0,0,0,0,0,0,0,0,0,0,0,0,0,0,0,0
AT1G79390.1,WT,0,0,0,0,0,0,0,0,0,0,0,0,0,0,0,0,0,0,0,0,0,0,0,0,0,0,0,0
AT1G79390.1,lon1-1,0,0,0,0,0,0,0,0,0,0,0,0,0,0,0,0,0,0,0,0,0,0,0,0,0,0,0,0
AT1G79440.1,WT,69,0,0,0,0,0,0,10,17,25,25,95,97,0,0,0,5,9,21,31,43,60,77,113,425,3,0,1
AT1G79440.1,lon1-1,69,0,0,7,1,2,2,11,22,45,43,111,116,0,0,0,0,2,10,16,19,34,54,106,312,3,0,1
AT1G80230.1,WT,29,0,0,0,0,0,0,0,0,0,0,0,0,0,0,0,0,0,0,0,0,0,0,0,0,0,0,0
AT1G80230.1,lon1-1,14,0,0,0,0,0,0,0,1,0,0,0,0,0,0,0,0,0,0,0,0,0,0,0,0,0,0,0
"AT1G80270.1,AT1G80270.2,AT1G80270.3",WT,7,0,0,0,0,0,0,0,0,0,0,0,0,0,0,0,0,0,1,0,0,0,0,0,0,0,0,0
"AT1G80270.1,AT1G80270.2,AT1G80270.3",lon1-1,17,0,0,0,0,0,0,0,0,0,0,0,0,0,0,0,0,0,0,0,0,0,0,0,0,0,1,1
AT2G02050.1,WT,36,2,7,1,0,0,0,0,0,0,0,0,0,0,0,0,0,0,0,0,0,0,0,0,0,0,0,0
AT2G02050.1,lon1-1,21,1,4,2,0,0,0,0,0,0,0,0,0,0,0,0,0,0,0,0,0,0,0,0,0,0,0,0
AT2G04940.1,WT,3,0,0,0,0,0,0,0,0,0,0,0,0,0,0,0,0,0,0,0,0,0,0,0,0,0,0,0
AT2G04940.1,lon1-1,2,0,0,0,0,0,0,0,0,0,0,0,0,0,0,0,0,0,0,0,0,0,0,0,0,0,0,0
AT2G05710.1,WT,375,0,0,3,1,0,1,3,24,17,30,14,57,69,105,164,23,28,28,27,76,90,95,133,187,225,321,447
AT2G05710.1,lon1-1,400,4,3,24,9,7,15,23,50,69,67,29,68,86,134,166,2,8,32,33,54,75,87,119,171,222,304,387
"AT2G07687.1,ATMG00730.1",WT,1,0,0,0,0,0,0,1,3,0,2,0,0,0,0,0,0,0,0,0,0,0,0,0,0,0,0,0
"AT2G07687.1,ATMG00730.1",lon1-1,1,0,0,0,1,0,0,0,1,1,2,0,0,0,0,0,0,0,0,0,0,0,0,0,0,0,0,0
"AT2G07696.1,ATMG01270.1",WT,3,0,0,0,0,0,0,0,0,0,0,0,0,0,0,0,0,0,0,0,0,0,0,0,0,0,0,0
"AT2G07696.1,ATMG01270.1",lon1-1,2,0,0,0,0,0,0,0,0,0,0,0,0,0,0,0,0,0,0,0,0,0,0,0,0,0,0,0
"AT2G07727.1,ATMG00220.1",WT,16,3,2,0,3,0,2,0,0,0,0,0,0,0,0,0,0,0,0,0,0,0,0,0,0,0,0,0
"AT2G07727.1,ATMG00220.1",lon1-1,16,0,1,1,1,2,5,0,0,0,0,0,0,0,0,0,0,0,0,0,0,0,0,0,0,0,0,0
"AT2G07741.1,ATMG00410.1,ATMG01170.1",WT,2,0,0,0,2,3,0,0,2,0,0,0,0,0,0,0,0,0,0,0,0,0,0,0,0,0,0,0
"AT2G07741.1,ATMG00410.1,ATMG01170.1",lon1-1,1,0,0,0,0,2,3,0,1,0,0,0,0,0,0,0,0,0,0,0,0,0,0,0,0,0,0,0
AT2G13560.1,WT,77,0,0,0,0,0,1,15,20,0,4,1,14,19,16,6,3,4,13,24,17,16,16,15,23,28,16,28
AT2G13560.1,lon1-1,66,0,0,1,0,3,5,12,14,12,18,9,21,19,32,27,0,3,6,11,12,12,14,17,25,22,23,34
"AT2G14170.1,AT2G14170.2",WT,41,0,0,0,0,0,0,0,4,3,54,18,0,0,0,0,0,0,3,1,9,18,33,169,0,0,3,0
"AT2G14170.1,AT2G14170.2",lon1-1,26,0,0,0,0,0,0,2,5,11,60,23,0,0,0,0,0,0,2,4,5,15,31,122,2,0,2,1
AT2G15690.1,WT,0,0,0,0,0,0,0,0,0,0,0,0,0,0,0,0,0,0,0,1,1,0,0,0,0,0,0,0
AT2G15690.1,lon1-1,4,0,0,0,0,0,0,0,0,0,0,0,0,0,0,0,0,0,0,0,0,0,0,0,2,0,0,1
"AT2G16930.1,AT2G16930.2,AT2G16930.3,AT5G15220.1",WT,7,0,0,0,0,0,0,0,0,0,0,0,0,0,0,0,0,0,0,0,0,0,0,0,0,0,0,0
"AT2G16930.1,AT2G16930.2,AT2G16930.3,AT5G15220.1",lon1-1,2,0,0,0,0,0,0,0,0,0,0,0,0,0,0,0,0,0,0,0,0,0,0,0,0,0,0,0
"AT2G17130.1,AT2G17130.2",WT,43,0,0,0,0,0,0,0,4,0,1,2,2,0,4,3,15,20,20,18,18,17,18,17,15,23,19,24
"AT2G17130.1,AT2G17130.2",lon1-1,28,0,0,0,0,0,0,0,0,1,1,0,2,2,2,0,7,12,13,13,10,16,13,14,18,19,21,19
AT2G18330.1,WT,31,0,0,0,0,0,0,0,0,0,0,0,0,0,1,3,0,0,0,0,0,0,0,0,0,0,0,0
AT2G18330.1,lon1-1,55,0,0,2,0,0,0,0,1,1,0,0,0,0,1,2,0,0,0,0,0,0,0,0,0,0,0,0
AT2G18400.1,WT,0,0,0,0,0,0,0,0,0,0,0,0,0,0,0,0,0,0,0,0,0,0,0,0,0,0,0,0
AT2G18400.1,lon1-1,2,0,0,0,0,0,0,0,0,0,0,0,0,0,0,0,0,0,0,0,0,0,0,0,0,0,0,0
AT2G19490.1,WT,5,0,0,0,0,0,0,0,0,0,0,0,0,0,0,0,0,0,0,0,0,0,0,0,0,0,0,0
AT2G19490.1,lon1-1,4,0,0,0,0,0,0,0,0,0,0,0,0,0,0,0,0,0,0,0,0,0,0,0,0,0,0,0
"AT2G19680.1,AT2G19680.2",WT,23,1,1,3,6,5,1,4,0,0,0,0,1,2,3,4,0,0,0,0,0,0,0,0,0,0,0,0
"AT2G19680.1,AT2G19680.2",lon1-1,22,3,2,4,5,4,2,6,4,3,0,3,3,4,7,5,0,0,0,0,0,0,0,0,0,0,0,0
AT2G20060.1,WT,12,0,0,0,0,0,0,0,0,0,0,0,0,0,0,0,0,0,0,0,0,0,0,0,0,0,0,0
AT2G20060.1,lon1-1,7,0,0,0,0,0,0,0,0,0,0,0,0,0,0,0,0,0,0,0,0,0,0,0,0,0,0,0
AT2G20360.1,WT,52,41,81,77,29,0,0,0,0,0,0,0,0,0,0,0,4,0,0,0,0,0,0,0,0,0,0,0
AT2G20360.1,lon1-1,17,25,55,62,12,4,0,0,0,0,0,0,0,0,0,0,1,0,0,0,0,0,0,0,0,0,0,0
AT2G20420.1,WT,151,0,0,2,1,0,0,1,13,11,19,4,16,22,42,58,6,19,27,15,29,45,30,40,48,63,70,79
AT2G20420.1,lon1-1,220,2,2,14,10,7,9,14,24,29,37,17,27,41,50,50,3,8,24,16,26,35,29,35,47,58,66,73
"AT2G20530.1,AT2G20530.2",WT,102,39,63,71,7,0,0,0,0,0,0,0,0,0,1,1,0,0,0,0,0,0,0,0,0,0,0,0
"AT2G20530.1,AT2G20530.2",lon1-1,119,56,52,73,5,2,0,1,3,2,2,0,2,1,8,7,1,0,0,0,0,0,0,0,0,0,0,0
AT2G20940.1,WT,4,0,0,0,0,0,0,0,0,0,0,0,0,0,0,0,0,0,0,0,0,0,0,0,0,0,0,0
AT2G20940.1,lon1-1,3,0,0,0,0,0,0,0,0,0,0,0,0,0,0,0,0,0,0,0,0,0,0,0,0,0,0,0
AT2G21870.1,WT,148,1,2,9,42,99,4,2,0,0,0,0,0,0,0,0,1,8,0,0,0,0,0,0,0,0,0,0
AT2G21870.1,lon1-1,106,0,2,12,31,46,0,0,0,0,0,0,0,0,0,0,0,0,0,0,0,0,0,0,0,0,0,0
AT2G23370.1,WT,18,0,0,0,0,0,0,0,0,0,0,0,0,0,0,0,0,0,0,0,0,0,0,0,0,0,0,0
AT2G23370.1,lon1-1,18,0,0,0,0,0,0,0,0,0,0,0,0,0,0,0,0,0,0,0,0,0,0,0,0,0,0,0
AT2G25140.1,WT,5,0,0,0,0,0,0,0,0,0,0,0,2,7,0,0,0,0,0,1,0,1,0,0,2,7,16,0
AT2G25140.1,lon1-1,3,0,0,0,0,0,0,0,0,0,0,0,6,19,4,0,0,0,0,0,0,0,0,0,1,8,34,0
AT2G26080.1,WT,154,0,0,1,0,1,2,3,11,13,27,20,61,174,1,3,3,13,25,29,49,60,76,83,171,611,86,17
AT2G26080.1,lon1-1,166,3,3,9,7,7,9,16,30,47,58,32,63,211,4,3,2,7,18,19,31,47,68,70,129,466,94,11
AT2G27730.1,WT,159,11,20,12,3,0,0,1,0,0,0,0,0,0,0,3,1,0,0,0,0,0,0,0,0,0,0,0
AT2G27730.1,lon1-1,133,6,9,9,3,1,1,1,3,3,2,0,2,2,3,4,0,0,0,0,0,0,0,0,0,0,0,0
AT2G28430.1,WT,5,0,0,0,0,0,0,0,0,0,0,0,0,0,0,0,0,0,0,0,0,0,0,0,0,0,0,0
AT2G28430.1,lon1-1,6,0,0,0,0,0,0,0,0,0,0,0,0,0,0,0,0,0,0,0,0,0,0,0,0,0,0,0
AT2G29080.1,WT,2,15,1,0,0,0,0,0,0,0,0,0,0,0,0,0,0,0,0,0,0,0,0,0,0,0,0,0
AT2G29080.1,lon1-1,3,16,2,0,0,0,0,0,0,0,0,0,0,0,0,0,0,0,0,0,0,0,0,0,0,0,0,0
AT2G29720.1,WT,7,0,0,0,0,0,0,0,0,0,0,0,0,0,0,0,0,0,0,0,0,0,0,0,0,0,0,0
AT2G29720.1,lon1-1,4,0,0,0,0,0,0,0,0,0,0,0,0,0,0,0,0,0,0,0,0,0,0,0,0,0,0,0
AT2G30320.1,WT,0,0,0,0,0,0,0,0,0,0,0,0,0,0,0,0,0,0,0,0,0,0,0,0,0,0,0,0
AT2G30320.1,lon1-1,1,0,0,0,0,0,0,0,0,0,0,0,0,0,0,1,0,0,0,0,0,0,0,0,0,0,0,0
AT2G30920.1,WT,7,0,0,0,0,0,0,0,0,0,0,0,0,0,0,0,0,0,0,0,0,0,0,0,0,0,0,0
AT2G30920.1,lon1-1,7,0,0,0,0,0,0,0,0,0,0,0,0,0,0,0,0,0,0,0,0,0,0,0,0,0,0,0
"AT2G30970.1,AT2G30970.2",WT,146,0,0,0,0,0,0,4,4,10,1,1,9,10,26,41,13,25,25,20,30,37,32,30,42,47,64,80
"AT2G30970.1,AT2G30970.2",lon1-1,148,0,0,3,0,0,0,2,11,20,16,3,19,26,38,52,0,6,17,13,18,32,31,28,33,35,74,84
"AT2G31060.2,AT2G31060.3",WT,6,0,0,0,0,0,0,0,1,0,0,1,2,4,10,5,1,1,2,1,5,3,6,6,7,9,15,18
"AT2G31060.2,AT2G31060.3",lon1-1,29,0,0,0,0,0,0,1,1,2,3,1,9,12,18,12,1,3,4,4,6,5,8,11,18,29,37,43
AT2G31140.1,WT,7,0,1,0,0,0,0,0,0,0,0,0,0,0,0,0,0,0,0,0,0,0,0,0,0,0,0,0
AT2G31140.1,lon1-1,6,2,0,0,0,0,0,0,0,0,0,0,0,0,0,0,0,0,0,0,0,0,0,0,0,0,0,0
AT2G31490.1,WT,7,0,0,0,0,0,0,0,0,0,0,0,0,0,0,0,0,0,0,0,0,0,0,0,0,0,0,0
AT2G31490.1,lon1-1,4,0,0,1,0,0,0,0,0,0,0,0,0,0,0,0,0,0,0,0,0,0,0,0,0,0,0,0
AT2G33040.1,WT,136,2,8,36,71,116,57,67,55,5,5,0,5,7,3,0,9,19,6,3,3,1,0,0,0,0,0,0
AT2G33040.1,lon1-1,96,2,3,41,65,86,67,66,37,20,12,1,4,6,7,5,0,4,3,0,2,0,0,0,0,0,0,0
"AT2G33210.1,AT2G33210.2",WT,360,8,53,251,388,45,49,93,36,0,0,0,0,1,17,23,768,172,120,100,20,5,4,4,4,5,2,13
"AT2G33210.1,AT2G33210.2",lon1-1,465,52,94,382,496,110,113,145,85,5,3,16,13,4,43,72,559,166,109,124,57,11,3,7,3,7,5,23
AT2G33220.1,WT,44,13,31,34,5,0,1,0,0,0,0,0,0,0,0,0,0,0,0,0,0,0,0,0,0,0,0,0
AT2G33220.1,lon1-1,25,10,22,16,2,1,0,0,0,0,0,0,0,0,0,0,0,0,0,0,0,0,0,0,0,0,0,0
AT2G33255.1,WT,7,0,0,0,0,0,0,0,0,0,0,0,0,0,0,0,0,0,0,0,0,0,0,0,0,0,0,0
AT2G33255.1,lon1-1,4,0,0,0,0,0,0,0,0,0,0,0,0,0,0,0,0,0,0,0,0,0,0,0,0,0,0,0
AT2G34520.1,WT,0,0,0,0,0,0,0,0,0,0,0,0,0,0,0,0,0,0,0,0,0,0,0,0,0,0,0,0
AT2G34520.1,lon1-1,0,0,0,0,0,0,0,0,0,0,0,0,0,0,0,0,0,0,0,0,0,0,0,0,0,0,0,0
"AT2G35010.1,AT2G35010.2",WT,30,0,0,0,0,0,0,0,0,0,0,0,0,0,0,0,0,0,0,0,0,0,0,0,0,0,0,0
"AT2G35010.1,AT2G35010.2",lon1-1,27,0,0,0,0,0,0,0,0,0,0,0,0,0,0,0,0,0,0,0,0,0,0,0,0,0,0,0
AT2G35120.1,WT,31,0,0,0,0,0,0,0,0,0,0,0,0,0,0,0,0,0,0,0,0,0,0,0,0,0,0,0
AT2G35120.1,lon1-1,18,0,0,0,0,0,0,0,0,0,0,0,0,0,0,0,0,0,0,0,0,0,0,0,0,0,0,0
AT2G35240.1,WT,0,0,0,0,0,0,0,0,0,0,0,0,0,0,0,0,0,0,0,0,0,0,0,0,0,0,0,0
AT2G35240.1,lon1-1,1,0,0,0,0,0,0,0,0,0,0,0,0,0,0,0,0,0,0,0,0,0,0,0,0,0,0,0
AT2G35370.1,WT,38,0,0,0,0,0,0,0,0,0,0,0,0,1,0,0,0,0,0,0,0,0,0,0,0,0,1,1
AT2G35370.1,lon1-1,41,0,0,0,0,0,0,0,0,0,0,0,0,0,0,1,0,0,0,0,0,0,0,0,0,0,0,1
AT2G35605.1,WT,8,0,0,0,0,0,0,0,0,0,0,0,0,0,0,0,0,0,0,0,0,0,0,0,0,0,0,0
AT2G35605.1,lon1-1,12,0,0,0,0,0,0,0,0,0,0,0,0,0,0,0,0,0,0,0,0,0,0,0,0,0,0,0
AT2G36070.1,WT,15,0,0,0,0,0,0,0,0,0,0,0,0,1,1,3,0,0,0,0,0,0,0,0,0,0,0,0
AT2G36070.1,lon1-1,13,0,0,0,0,0,0,0,1,2,2,0,1,2,3,10,0,0,0,0,0,0,0,0,0,0,0,0
AT2G37230.1,WT,23,0,0,0,0,0,0,0,0,0,0,0,0,2,10,0,0,0,0,0,0,0,0,0,0,0,1,1
AT2G37230.1,lon1-1,23,0,0,0,0,0,0,0,0,1,0,0,3,8,16,0,0,0,0,0,0,0,0,0,0,0,0,0
"AT2G37410.1,AT2G37410.2",WT,2,0,0,0,0,0,0,0,0,0,0,0,0,0,1,0,0,0,0,0,0,0,0,0,0,0,0,0
"AT2G37410.1,AT2G37410.2",lon1-1,2,0,0,0,0,0,0,0,0,0,0,0,0,0,0,1,0,0,0,0,0,0,0,0,0,0,0,0
AT2G38670.1,WT,7,0,0,0,0,0,0,0,0,0,0,0,0,0,0,0,0,0,0,0,0,0,0,0,0,0,0,0
AT2G38670.1,lon1-1,5,0,0,0,0,0,0,0,0,0,0,0,0,0,0,0,0,0,0,0,0,0,0,0,0,0,0,0
"AT2G39725.1,AT2G39725.2",WT,0,0,0,0,0,0,0,0,0,0,0,0,0,0,0,0,0,0,0,0,0,0,0,0,0,0,0,0
"AT2G39725.1,AT2G39725.2",lon1-1,1,0,0,0,0,0,0,0,0,0,0,0,0,0,0,0,0,0,0,0,0,0,0,0,0,0,0,0
AT2G39795.1,WT,4,0,0,0,0,0,0,0,0,0,0,0,0,0,0,0,0,0,0,0,0,0,0,0,0,0,0,0
AT2G39795.1,lon1-1,9,0,0,0,0,0,0,0,0,0,0,0,0,0,0,0,0,0,0,0,0,0,0,0,0,0,0,0
AT2G40090.1,WT,1,0,0,0,0,0,0,0,0,0,0,0,0,0,0,0,0,0,0,0,0,0,0,0,0,0,0,0
AT2G40090.1,lon1-1,0,0,0,0,0,0,0,0,0,0,0,0,0,0,0,0,0,0,0,0,0,0,0,0,0,0,0,0
AT2G40765.1,WT,5,0,0,0,0,0,5,0,0,0,0,0,0,0,0,0,0,0,0,0,0,0,0,0,0,0,0,0
AT2G40765.1,lon1-1,2,0,0,0,0,0,4,0,0,0,0,0,0,0,0,0,0,0,0,0,0,0,0,0,0,0,0,0
AT2G40800.1,WT,11,0,0,0,0,0,0,2,9,1,2,0,10,3,7,1,0,0,0,0,0,0,0,0,0,0,0,0
AT2G40800.1,lon1-1,11,0,0,1,0,1,1,4,8,8,9,2,10,9,10,3,0,0,0,0,0,0,0,0,0,0,0,0
"AT2G42210.1,AT2G42210.2,AT2G42210.3,AT2G42210.4",WT,72,10,28,19,0,0,0,0,0,0,0,0,0,0,0,0,0,0,0,0,0,0,0,0,0,0,0,0
"AT2G42210.1,AT2G42210.2,AT2G42210.3,AT2G42210.4",lon1-1,36,6,11,10,0,0,0,0,0,0,0,0,0,0,0,0,0,0,0,0,0,0,0,0,0,0,0,0
AT2G42310.1,WT,4,0,0,0,0,0,0,0,0,0,0,0,0,0,0,0,0,0,0,0,0,0,0,0,0,0,0,0
AT2G42310.1,lon1-1,0,0,0,0,0,0,0,0,0,0,0,0,0,0,0,0,0,0,0,0,0,0,0,0,0,0,0,0
AT2G42710.1,WT,23,0,0,0,0,0,0,0,0,0,0,0,0,0,0,0,0,0,0,0,0,0,0,0,0,0,0,0
AT2G42710.1,lon1-1,16,0,0,0,0,0,0,0,0,0,0,0,0,0,0,0,0,0,0,0,0,0,0,0,0,0,0,0
"AT2G44350.1,AT2G44350.2",WT,129,0,0,2,0,1,0,6,21,13,27,12,32,47,69,73,17,18,27,21,40,55,43,64,69,92,107,173
"AT2G44350.1,AT2G44350.2",lon1-1,140,3,2,11,6,6,5,8,22,36,36,23,34,47,60,76,0,10,17,20,29,34,39,51,62,75,95,140
AT2G44520.1,WT,1,0,0,0,0,0,0,0,0,0,0,0,0,0,0,0,0,0,0,0,0,0,0,0,0,0,0,0
AT2G44520.1,lon1-1,0,0,0,0,0,0,0,0,0,0,0,0,0,0,0,0,0,0,0,0,0,0,0,0,0,0,0,0
AT2G44525.1,WT,11,0,0,0,0,0,0,0,0,0,0,0,0,0,0,0,0,0,0,0,0,0,0,0,0,0,0,0
AT2G44525.1,lon1-1,3,0,0,0,0,0,0,0,0,0,0,0,0,0,0,0,0,0,0,0,0,0,0,0,0,0,0,0
AT2G44620.1,WT,3,0,0,0,0,0,0,0,0,0,0,0,0,0,0,0,0,0,0,0,0,0,0,0,0,0,0,0
AT2G44620.1,lon1-1,0,0,0,0,0,0,0,0,0,0,0,0,0,0,0,0,0,0,0,0,0,0,0,0,0,0,0,0
AT2G46110.1,WT,12,0,0,0,0,0,0,0,0,0,0,0,0,0,0,0,0,1,0,0,8,0,0,0,0,0,0,0
AT2G46110.1,lon1-1,14,0,0,0,0,0,0,0,0,0,0,0,0,0,0,0,0,0,0,0,2,0,0,0,0,0,0,0
AT2G46470.1,WT,3,0,0,0,0,0,0,0,0,0,0,0,0,0,0,0,0,0,0,0,0,0,0,0,0,0,0,0
AT2G46470.1,lon1-1,2,0,0,0,0,0,0,0,0,0,0,0,0,0,0,0,0,0,0,0,0,0,0,0,0,0,0,0
AT2G47380.1,WT,2,0,0,0,0,0,0,0,0,0,0,0,0,0,0,0,0,0,0,0,0,0,0,0,0,0,0,0
AT2G47380.1,lon1-1,1,0,0,0,0,0,0,0,0,0,0,0,0,0,0,0,0,0,0,0,0,0,0,0,0,0,0,0
"AT2G47510.1,AT2G47510.2",WT,154,3,8,33,14,17,39,77,83,91,104,76,0,0,0,0,50,103,138,163,155,182,217,327,72,0,0,0
"AT2G47510.1,AT2G47510.2",lon1-1,146,19,16,51,34,41,55,64,70,112,102,71,7,0,0,0,21,74,106,126,111,129,143,270,67,3,0,0
AT3G01280.1,WT,133,3,4,9,3,1,4,18,40,19,18,7,23,23,52,32,0,0,0,0,1,0,0,0,0,0,0,0
AT3G01280.1,lon1-1,138,13,12,32,15,20,20,36,38,39,34,19,27,26,53,42,0,0,0,0,0,0,0,0,0,0,0,0
AT3G01740.1,WT,2,0,0,0,0,0,0,0,0,0,0,0,0,0,0,0,0,0,0,0,0,0,0,0,0,0,0,0
AT3G01740.1,lon1-1,7,0,0,0,0,0,0,0,0,0,0,0,0,0,0,0,0,0,0,0,0,0,0,0,0,0,0,0
"AT3G01790.1,AT3G01790.2",WT,5,0,0,0,0,0,0,0,0,0,0,0,0,0,0,0,0,0,0,0,0,0,0,0,0,0,0,0
"AT3G01790.1,AT3G01790.2",lon1-1,8,0,0,0,0,0,0,0,0,0,0,0,0,0,0,0,0,0,0,0,0,0,0,0,0,0,0,0
AT3G01800.1,WT,14,0,0,0,0,0,0,0,0,0,0,0,0,0,0,0,0,0,0,0,0,0,0,0,0,0,0,0
AT3G01800.1,lon1-1,16,0,0,0,0,0,0,0,0,0,0,0,0,0,0,1,0,0,0,0,0,0,0,0,0,0,0,0
AT3G02090.1,WT,452,128,254,41,97,111,344,18,0,0,1,3,2,2,7,9,3,47,25,0,1,1,3,0,6,8,8,12
AT3G02090.1,lon1-1,472,139,207,169,180,207,368,2,1,5,7,2,10,12,38,60,2,17,16,1,2,2,2,10,15,26,37,44
AT3G02650.1,WT,17,0,0,0,0,0,0,0,0,0,0,0,0,0,0,0,0,0,0,0,0,0,0,0,0,0,0,0
AT3G02650.1,lon1-1,17,0,0,0,0,0,0,0,0,0,0,0,0,0,0,4,0,0,0,0,0,0,0,0,0,0,0,0
AT3G03060.1,WT,33,0,0,0,0,0,0,0,0,0,0,0,0,0,1,3,0,0,0,0,0,0,0,0,0,0,0,0
AT3G03060.1,lon1-1,51,0,0,2,0,0,0,0,1,1,0,0,0,0,1,3,0,0,0,0,0,0,0,0,0,0,0,0
AT3G03100.1,WT,8,0,1,2,0,0,0,0,0,0,0,0,0,0,0,0,0,0,0,0,0,0,0,0,0,0,0,0
AT3G03100.1,lon1-1,2,0,0,1,0,0,0,0,0,0,0,0,0,0,0,0,0,0,0,0,0,0,0,0,0,0,0,0
AT3G03590.1,WT,3,0,0,0,0,0,0,0,0,0,0,0,0,0,0,0,0,0,0,0,0,0,0,0,0,0,0,0
AT3G03590.1,lon1-1,0,0,0,0,0,0,0,0,0,0,0,0,0,0,0,0,0,0,0,0,0,0,0,0,0,0,0,0
AT3G03600.1,WT,5,0,0,0,0,0,0,0,0,0,0,0,0,0,0,0,0,0,0,0,0,0,0,0,0,0,0,0
AT3G03600.1,lon1-1,11,0,0,0,0,0,0,0,0,0,0,0,0,0,0,0,0,0,0,0,0,0,0,0,0,0,0,0
AT3G04950.1,WT,5,0,0,0,0,0,0,0,0,0,0,0,0,0,0,0,0,0,0,0,0,0,0,0,0,0,0,0
AT3G04950.1,lon1-1,5,0,0,0,0,0,0,0,0,0,0,0,0,0,0,0,0,0,0,0,0,0,0,0,0,0,0,0
AT3G05810.1,WT,4,0,0,0,0,0,0,0,0,0,0,0,0,0,0,0,0,0,0,0,0,0,0,0,0,0,0,0
AT3G05810.1,lon1-1,0,0,0,0,0,0,0,0,0,0,0,0,0,0,0,0,0,0,0,0,0,0,0,0,0,0,0,0
"AT3G06040.1,AT3G06040.2,AT3G06040.3",WT,14,0,0,0,0,0,0,0,0,0,0,0,0,0,0,0,0,0,0,0,0,0,0,0,0,0,0,0
"AT3G06040.1,AT3G06040.2,AT3G06040.3",lon1-1,12,0,0,0,0,0,0,0,0,0,0,0,0,0,0,0,0,0,0,0,0,0,0,0,0,0,0,0
AT3G06050.1,WT,89,0,0,6,2,0,0,4,7,10,10,5,12,8,14,15,18,11,17,9,16,25,26,26,28,29,28,27
AT3G06050.1,lon1-1,85,0,0,11,1,0,3,4,8,11,16,3,14,14,19,15,8,3,6,7,5,14,18,14,16,15,21,26
"AT3G06850.1,AT3G06850.2",WT,25,6,0,0,0,0,0,0,0,0,0,0,0,0,0,0,0,0,0,0,0,0,0,0,0,0,0,0
"AT3G06850.1,AT3G06850.2",lon1-1,16,1,0,0,0,0,0,0,0,0,0,0,0,0,0,0,0,0,0,0,0,0,0,0,0,0,0,0
AT3G07060.1,WT,4,0,0,0,0,0,0,0,0,0,0,0,0,0,0,0,0,0,0,0,0,0,0,0,0,0,0,0
AT3G07060.1,lon1-1,2,0,0,0,0,0,3,0,0,0,0,0,0,0,0,0,0,0,0,0,0,0,0,0,0,0,0,0
AT3G07480.1,WT,23,0,0,0,0,0,0,0,0,0,0,0,0,0,0,0,0,0,0,0,0,0,0,0,0,0,0,0
AT3G07480.1,lon1-1,20,0,0,0,0,0,0,0,0,0,0,0,0,0,0,0,0,0,0,0,0,0,0,0,0,0,0,0
AT3G07568.1,WT,0,0,0,0,0,0,0,0,0,0,0,0,0,0,0,0,0,0,0,0,0,0,0,0,0,0,0,0
AT3G07568.1,lon1-1,1,0,0,0,0,0,0,0,0,0,0,0,0,0,0,0,0,0,0,0,0,0,0,0,0,0,0,0
AT3G07770.1,WT,105,0,0,0,0,1,0,3,14,28,37,40,98,113,41,0,2,23,33,44,71,48,64,95,151,209,266,46
AT3G07770.1,lon1-1,123,0,0,8,0,0,3,16,36,74,91,70,132,176,86,7,0,13,45,43,59,59,70,94,130,252,358,80
"AT3G08580.1,AT3G08580.2",WT,1002,85,85,89,42,43,47,75,95,80,74,60,86,98,163,251,14,18,13,12,11,13,7,10,11,11,39,24
"AT3G08580.1,AT3G08580.2",lon1-1,758,70,60,86,44,54,56,66,82,91,94,73,91,114,196,283,12,19,9,11,11,16,9,10,12,7,18,16
AT3G08950.1,WT,11,0,0,0,0,0,0,0,0,0,0,0,0,0,0,0,0,0,0,0,0,0,0,0,0,0,0,0
AT3G08950.1,lon1-1,6,0,0,0,0,0,0,0,0,0,0,0,0,0,0,0,0,0,0,0,0,0,0,0,0,0,0,0
AT3G09810.1,WT,72,0,1,1,0,1,0,1,5,1,1,2,4,6,7,4,28,28,28,24,29,27,25,28,26,29,23,20
AT3G09810.1,lon1-1,65,0,0,1,0,2,2,2,5,6,6,2,4,8,5,6,11,21,20,16,24,20,18,23,16,18,19,20
AT3G10370.1,WT,51,0,0,0,0,0,0,0,3,0,11,7,34,43,5,0,0,0,0,0,0,0,0,0,0,0,0,0
AT3G10370.1,lon1-1,55,0,0,0,0,0,0,2,9,18,25,11,34,38,16,4,0,0,0,0,0,0,0,0,0,0,0,0
"AT3G10860.1,AT5G05370.1",WT,10,5,9,1,2,4,8,1,0,0,0,0,0,0,0,0,0,0,0,0,0,0,0,0,0,0,0,0
"AT3G10860.1,AT5G05370.1",lon1-1,16,6,6,7,5,6,8,1,0,0,0,0,0,0,0,0,0,0,0,0,0,0,0,0,0,0,0,0
AT3G12260.1,WT,97,0,2,3,0,0,0,0,0,0,0,0,0,0,0,0,0,0,0,0,0,0,0,0,0,0,0,0
AT3G12260.1,lon1-1,24,0,0,1,0,0,0,0,0,0,0,0,0,0,0,0,0,0,0,0,0,0,0,0,0,0,0,0
AT3G12370.1,WT,0,0,0,0,0,0,0,0,0,0,0,0,0,0,0,0,0,0,0,0,0,0,0,0,0,0,0,0
AT3G12370.1,lon1-1,7,0,0,0,0,0,0,0,0,0,0,0,0,0,0,0,0,0,0,0,0,0,0,0,0,0,0,0
AT3G12650.1,WT,4,0,0,0,0,0,0,0,0,0,0,0,0,0,0,0,0,0,0,0,0,0,0,0,0,0,0,0
AT3G12650.1,lon1-1,4,0,0,0,0,0,0,0,0,0,0,0,0,0,0,0,0,0,0,0,0,0,0,0,0,0,0,0
AT3G13110.1,WT,23,0,0,0,0,0,0,0,3,2,6,1,4,11,5,2,0,3,8,2,6,6,6,11,10,14,16,5
AT3G13110.1,lon1-1,24,0,0,0,0,0,0,0,5,5,5,0,1,9,7,4,0,0,2,3,5,4,3,7,7,9,19,5
AT3G13160.1,WT,13,0,0,0,0,0,0,0,0,0,0,0,0,0,0,0,0,0,0,0,0,0,0,0,0,0,0,0
AT3G13160.1,lon1-1,12,0,0,0,0,0,0,0,0,0,0,0,0,0,0,0,0,0,0,0,0,0,0,0,0,0,0,0
AT3G13490.1,WT,7,0,0,0,0,0,0,0,0,0,0,0,0,0,0,1,0,0,0,0,0,0,0,0,1,3,1,2
AT3G13490.1,lon1-1,10,0,0,0,0,0,0,0,0,0,0,0,0,0,0,3,0,0,0,0,0,0,0,1,1,2,3,9
AT3G13860.1,WT,154,0,1,126,205,3,7,26,3,0,0,0,0,0,1,0,332,76,52,42,0,0,0,1,0,0,0,0
AT3G13860.1,lon1-1,169,4,8,168,225,21,35,50,24,0,0,1,0,0,1,4,213,60,45,35,7,0,0,0,0,0,0,0
AT3G13930.1,WT,192,3,1,3,2,2,1,10,13,12,16,3,5,8,16,23,4,11,9,8,13,12,12,17,10,7,5,11
AT3G13930.1,lon1-1,192,3,1,7,2,5,4,7,7,16,15,5,7,8,22,24,0,3,5,4,4,3,5,3,1,1,4,3
AT3G15000.1,WT,12,0,0,0,0,0,0,0,0,0,0,0,0,0,1,1,0,0,0,0,0,0,1,0,0,0,0,0
AT3G15000.1,lon1-1,29,0,0,0,0,0,0,0,0,0,0,0,0,0,0,0,0,0,0,0,0,0,1,0,1,0,0,0
AT3G15020.1,WT,315,0,0,0,2,0,0,0,3,3,2,1,10,14,28,33,11,10,7,6,9,17,10,23,39,42,77,93
AT3G15020.1,lon1-1,396,2,2,14,7,7,4,12,18,18,17,7,18,30,44,47,3,8,8,8,13,18,15,29,33,43,69,97
AT3G15090.1,WT,17,0,0,0,0,0,0,0,0,0,0,0,0,0,0,1,0,0,0,0,0,0,0,0,0,0,0,0
AT3G15090.1,lon1-1,20,0,0,0,0,0,0,0,0,0,0,0,0,0,0,0,0,0,0,0,0,0,0,0,0,0,0,0
AT3G15590.1,WT,11,0,0,0,0,0,0,0,0,0,0,0,0,0,0,0,0,0,0,0,0,0,0,0,0,0,0,0
AT3G15590.1,lon1-1,12,0,0,0,0,0,0,0,0,0,0,0,0,0,0,0,0,0,0,0,0,0,0,0,0,0,0,0
"AT3G15660.1,AT3G15660.2",WT,9,0,0,0,0,0,0,0,0,0,0,0,0,1,0,0,0,0,0,0,0,0,0,0,0,0,0,0
"AT3G15660.1,AT3G15660.2",lon1-1,12,0,0,0,0,0,0,0,0,0,0,0,0,0,0,0,0,0,0,0,0,0,0,0,0,0,0,0
AT3G16480.1,WT,150,42,81,19,38,35,102,4,0,0,0,2,0,0,1,2,1,12,8,0,0,0,0,0,0,0,1,2
AT3G16480.1,lon1-1,165,44,60,50,68,65,111,1,2,5,4,0,3,3,10,19,0,2,7,0,1,3,1,2,4,1,5,5
"AT3G17240.1,AT3G17240.3",WT,236,0,0,0,0,0,0,2,5,3,7,2,14,12,18,236,20,11,13,9,14,22,11,21,31,53,293,421
"AT3G17240.1,AT3G17240.3",lon1-1,252,2,1,4,4,3,7,9,18,17,14,7,25,25,37,217,1,3,12,5,9,12,12,16,28,38,153,355
AT3G17300.1,WT,1,0,0,0,0,0,0,0,0,0,0,0,0,0,0,0,0,0,0,0,0,0,0,0,0,0,0,0
AT3G17300.1,lon1-1,7,0,0,0,0,0,0,0,0,0,0,0,0,0,0,0,0,0,0,0,0,0,0,0,0,0,0,0
AT3G17465.1,WT,15,0,0,0,0,0,0,0,0,0,0,0,0,0,0,0,0,0,0,0,0,0,0,0,0,0,0,0
AT3G17465.1,lon1-1,24,0,0,0,0,0,0,0,0,0,0,0,0,0,0,0,0,0,0,0,0,0,0,0,0,0,0,0
AT3G17910.1,WT,7,0,0,0,0,0,0,0,0,0,0,0,0,0,0,0,0,0,0,0,0,0,0,0,0,0,0,0
AT3G17910.1,lon1-1,3,0,0,0,0,0,0,0,0,0,0,0,0,0,0,0,0,0,0,0,0,0,0,0,0,0,0,0
AT3G18020.1,WT,0,0,0,0,0,0,0,0,0,0,0,0,0,0,0,0,0,0,0,0,0,0,0,0,0,0,0,0
AT3G18020.1,lon1-1,0,0,0,0,0,0,0,0,0,0,0,0,0,0,0,0,0,0,0,0,0,0,0,0,0,0,0,0
"AT3G18240.1,AT3G18240.2",WT,12,0,0,0,0,0,0,0,0,0,0,0,0,0,0,0,0,0,0,0,0,0,0,0,0,0,0,0
"AT3G18240.1,AT3G18240.2",lon1-1,10,0,0,0,0,0,0,0,0,0,0,0,0,0,0,0,0,0,0,0,0,0,0,0,0,0,0,0
AT3G18580.1,WT,2,0,0,0,0,0,0,0,0,0,0,0,0,0,0,0,0,0,0,0,0,0,0,0,0,1,0,0
AT3G18580.1,lon1-1,17,0,0,0,0,0,0,0,0,0,0,0,0,0,0,0,0,0,0,0,0,0,0,1,0,2,2,0
AT3G19170.1,WT,10,0,0,0,0,0,0,0,0,0,0,0,0,0,0,0,0,0,0,0,0,0,0,0,1,1,2,1
AT3G19170.1,lon1-1,14,0,0,0,0,0,0,0,0,0,0,0,0,0,0,0,0,0,0,0,0,1,0,1,0,7,4,2
AT3G20000.1,WT,68,0,0,0,0,1,2,9,50,28,4,0,0,0,0,0,0,0,0,0,0,0,0,0,0,0,0,0
AT3G20000.1,lon1-1,59,1,4,4,5,6,8,22,52,34,9,0,0,0,0,0,0,0,0,0,0,0,1,0,0,0,0,0
AT3G20970.1,WT,9,0,0,0,0,0,0,0,0,0,0,0,0,0,0,0,0,0,0,0,0,0,0,0,0,0,0,0
AT3G20970.1,lon1-1,7,0,0,0,0,0,0,0,0,0,0,0,0,0,0,0,0,0,0,0,0,0,0,0,0,0,0,0
AT3G22300.1,WT,3,0,0,0,0,0,0,0,0,0,0,0,0,0,0,0,0,0,0,0,0,0,0,0,0,0,0,0
AT3G22300.1,lon1-1,2,0,0,0,0,0,0,0,0,0,0,0,0,0,0,0,0,0,0,0,0,0,0,0,0,0,0,0
AT3G23990.1,WT,560,8,71,336,519,59,73,137,52,0,0,0,0,1,24,47,1103,245,184,138,34,15,10,8,9,8,4,32
AT3G23990.1,lon1-1,558,58,98,450,597,124,147,175,112,8,5,24,19,7,72,113,673,199,148,151,75,13,3,11,7,11,9,37
"AT3G24200.1,AT3G24200.2",WT,1,0,0,0,0,0,0,0,0,0,0,0,0,0,0,0,0,0,0,0,0,0,0,0,0,0,0,0
"AT3G24200.1,AT3G24200.2",lon1-1,2,0,0,0,0,0,0,0,0,0,0,0,0,0,0,0,0,0,0,0,0,0,0,0,0,0,0,0
AT3G26360.1,WT,1,0,0,0,0,0,0,0,0,0,0,0,0,0,0,0,0,0,0,0,0,0,0,0,0,0,0,0
AT3G26360.1,lon1-1,0,0,0,0,0,0,0,0,0,0,0,0,0,0,0,0,0,0,0,0,0,0,0,0,0,0,0,0
AT3G26770.1,WT,0,0,0,0,0,0,0,0,0,0,0,0,0,0,1,1,0,1,1,0,0,1,2,1,1,1,4,6
AT3G26770.1,lon1-1,2,0,0,0,0,0,0,0,0,0,0,0,0,0,0,2,0,0,0,0,0,1,0,1,0,3,4,6
AT3G27080.1,WT,1,0,0,0,0,0,0,0,0,0,0,0,0,0,0,0,0,0,0,0,0,0,0,0,0,0,0,0
AT3G27080.1,lon1-1,2,0,0,0,0,0,0,0,0,0,0,0,0,0,0,0,0,0,0,0,0,0,0,0,0,0,0,0
AT3G27240.1,WT,107,27,74,6,11,23,91,3,0,0,0,0,0,0,0,1,0,6,4,0,0,0,0,0,0,0,0,0
AT3G27240.1,lon1-1,59,25,47,40,39,50,86,1,0,0,0,0,0,1,1,1,0,0,1,0,0,0,0,0,0,0,0,0
"AT3G27280.1,AT3G27280.2",WT,142,45,68,86,24,3,1,0,0,0,0,0,0,0,0,0,3,0,0,0,0,0,0,0,0,0,0,0
"AT3G27280.1,AT3G27280.2",lon1-1,219,61,65,85,19,9,9,7,8,7,11,0,6,6,9,12,1,0,0,0,0,0,0,0,0,0,0,0
"AT3G27380.1,AT3G27380.2",WT,13,0,0,0,0,0,0,0,0,0,2,3,6,1,9,6,0,0,0,0,0,0,0,0,0,0,0,0
"AT3G27380.1,AT3G27380.2",lon1-1,15,0,0,2,0,0,1,2,5,6,7,3,9,6,11,7,0,0,0,0,0,0,0,0,0,0,0,0
AT3G27570.1,WT,8,0,0,0,0,0,0,0,0,0,0,0,0,0,0,0,0,0,0,0,0,0,0,0,0,0,0,0
AT3G27570.1,lon1-1,6,0,0,0,0,0,0,0,0,0,0,0,0,0,0,1,0,0,0,0,0,0,0,0,0,0,0,0
AT3G27890.1,WT,3,0,0,0,0,0,0,0,0,0,0,0,0,0,0,0,0,0,0,0,0,0,0,0,0,0,0,3
AT3G27890.1,lon1-1,8,0,0,0,0,0,0,0,0,0,0,0,0,0,0,0,0,0,0,0,0,0,0,0,0,0,0,1
"AT3G28700.1,AT3G28700.2",WT,5,0,0,0,0,0,0,0,0,0,0,0,0,0,0,0,0,0,0,0,0,0,0,0,0,0,0,0
"AT3G28700.1,AT3G28700.2",lon1-1,5,0,0,0,0,0,0,0,0,0,0,0,0,0,0,0,0,0,0,0,0,0,0,0,0,0,0,0
AT3G45300.1,WT,15,0,0,0,0,0,0,0,0,0,0,0,0,0,19,0,0,0,0,0,0,0,0,0,0,0,36,0
AT3G45300.1,lon1-1,16,0,0,0,0,0,0,0,0,0,0,0,0,0,24,0,0,0,0,0,0,0,0,0,0,0,41,0
AT3G46100.1,WT,0,0,0,0,0,0,0,0,0,0,0,0,0,0,0,0,0,0,0,0,0,0,0,0,0,0,0,0
AT3G46100.1,lon1-1,1,0,0,0,0,0,0,0,0,0,0,0,0,0,0,0,0,0,0,0,0,0,0,0,0,0,0,0
AT3G46560.1,WT,25,0,0,0,0,0,0,0,0,0,0,0,0,0,0,0,0,0,0,0,0,0,0,0,0,0,0,0
AT3G46560.1,lon1-1,27,0,0,0,0,0,0,0,0,0,0,0,0,0,0,0,0,0,0,0,0,0,0,0,0,0,0,0
AT3G47833.1,WT,2,0,0,0,0,0,0,0,0,0,0,0,0,0,0,0,0,0,0,0,0,0,0,0,0,0,0,0
AT3G47833.1,lon1-1,2,0,0,0,0,0,0,0,0,0,0,0,0,0,0,0,0,0,0,0,0,0,0,0,0,0,0,0
AT3G47930.1,WT,45,0,0,10,1,0,4,4,0,0,0,0,0,1,4,8,0,0,0,0,0,0,0,0,0,0,0,0
AT3G47930.1,lon1-1,15,1,1,5,3,4,3,3,6,2,4,0,1,2,6,11,0,0,0,0,0,0,0,0,0,0,0,0
AT3G48000.1,WT,78,0,0,9,1,0,10,40,69,66,130,10,0,0,0,0,15,40,53,53,71,81,113,307,1,15,0,0
AT3G48000.1,lon1-1,102,10,9,35,20,24,36,60,63,91,146,19,3,0,0,1,3,32,52,60,75,77,98,231,19,13,1,0
AT3G48680.1,WT,41,21,36,31,10,2,2,2,1,0,1,0,0,0,0,1,0,0,0,0,0,0,0,0,0,0,0,0
AT3G48680.1,lon1-1,30,21,29,26,10,2,6,0,0,0,2,0,0,1,6,2,0,0,0,0,0,0,0,0,0,0,0,0
AT3G49080.1,WT,7,0,0,0,0,0,0,0,0,0,0,0,0,0,0,0,0,0,0,0,0,0,0,0,0,0,0,0
AT3G49080.1,lon1-1,5,0,0,0,0,0,0,0,0,0,0,0,0,0,0,3,0,0,0,0,0,0,0,0,0,0,0,0
AT3G49240.1,WT,4,0,0,0,0,0,0,0,0,0,0,0,0,0,1,0,1,1,1,0,1,2,1,1,1,0,0,2
AT3G49240.1,lon1-1,13,0,0,0,0,0,0,0,0,2,1,0,0,0,3,3,0,1,3,1,4,3,3,2,5,0,0,6
AT3G51010.1,WT,3,0,0,0,0,0,0,0,0,0,0,0,0,0,0,0,0,0,0,0,0,0,0,0,0,0,0,0
AT3G51010.1,lon1-1,0,0,0,0,0,0,0,0,0,0,0,0,0,0,0,0,0,0,0,0,0,0,0,0,0,0,0,0
"AT3G52200.1,AT3G52200.2",WT,76,0,0,0,0,0,0,0,0,0,0,0,1,0,4,13,0,1,0,0,4,3,2,8,8,10,17,4
"AT3G52200.1,AT3G52200.2",lon1-1,60,0,0,0,0,0,0,0,0,0,1,0,0,3,7,15,0,0,0,0,0,1,0,2,2,3,6,4
AT3G52300.1,WT,83,8,14,25,54,76,43,45,36,18,5,0,0,0,0,0,2,7,2,0,2,1,0,0,0,0,0,0
AT3G52300.1,lon1-1,49,4,6,23,46,62,39,34,21,20,8,0,0,0,0,0,0,1,0,0,2,0,0,0,0,0,0,0
AT3G52570.1,WT,4,0,0,0,0,0,0,0,0,0,0,0,0,0,0,0,0,0,0,0,0,0,0,0,0,0,0,0
AT3G52570.1,lon1-1,2,0,0,0,0,0,0,0,0,0,0,0,0,0,0,0,0,0,0,0,0,0,0,0,0,0,0,0
AT3G52730.1,WT,14,3,8,1,3,4,10,0,0,0,0,0,0,0,0,0,0,0,1,0,0,0,0,0,0,0,0,0
AT3G52730.1,lon1-1,7,3,6,4,7,6,9,0,0,0,0,0,0,0,0,0,0,0,0,0,0,0,0,0,0,0,0,0
AT3G54110.1,WT,85,0,0,1,0,0,0,0,1,0,0,0,2,4,9,27,0,0,0,0,0,0,0,0,0,0,0,0
AT3G54110.1,lon1-1,87,2,0,3,0,0,0,0,4,5,3,0,4,9,19,36,0,0,0,0,0,0,0,0,0,0,0,0
AT3G55410.1,WT,210,0,0,1,0,1,2,7,27,18,31,15,44,35,3,0,0,5,4,5,11,16,13,16,7,25,26,0
AT3G55410.1,lon1-1,144,0,0,1,0,0,0,0,9,11,20,6,17,17,0,0,0,1,2,1,2,8,8,8,1,18,14,0
AT3G55605.1,WT,0,0,0,0,0,0,0,0,0,0,0,0,0,0,0,0,0,0,0,0,0,0,0,0,0,0,0,0
AT3G55605.1,lon1-1,2,0,0,0,0,0,0,0,0,0,0,0,0,0,0,0,0,0,0,0,0,0,0,0,0,0,0,0
"AT3G56070.1,AT3G56070.2",WT,46,0,0,0,0,0,0,2,1,0,0,0,0,0,1,8,16,18,11,7,8,8,6,8,7,5,4,4
"AT3G56070.1,AT3G56070.2",lon1-1,49,0,0,0,0,0,0,4,2,2,2,0,1,1,2,12,8,11,11,7,10,9,10,10,8,9,9,7
AT3G56430.1,WT,17,0,0,0,0,0,0,2,10,1,2,0,11,3,7,1,0,0,0,0,0,0,0,0,0,0,0,0
AT3G56430.1,lon1-1,15,0,0,1,0,1,1,4,8,9,10,2,10,11,10,3,0,0,0,0,0,0,0,0,0,0,0,0
AT3G58520.1,WT,3,0,0,0,0,0,0,0,0,0,0,0,0,0,0,0,0,0,0,0,0,0,0,0,0,0,0,0
AT3G58520.1,lon1-1,2,0,0,0,0,0,0,0,0,0,0,0,0,0,0,0,0,0,0,0,0,0,0,0,0,0,0,0
"AT3G59650.1,AT3G59650.2",WT,14,0,0,0,0,0,0,0,0,0,0,0,0,0,0,0,0,0,0,0,0,0,0,0,0,0,0,0
"AT3G59650.1,AT3G59650.2",lon1-1,11,0,0,0,0,0,0,0,0,0,0,0,0,0,0,0,0,0,0,0,0,0,0,0,0,0,0,0
"AT3G59760.1,AT3G59760.3",WT,5,0,0,0,0,0,0,0,0,0,0,0,0,0,0,0,0,0,0,0,0,0,0,0,0,0,0,1
"AT3G59760.1,AT3G59760.3",lon1-1,3,0,0,0,0,0,0,0,0,0,0,0,0,0,0,0,0,0,0,0,0,0,0,0,0,0,0,0
AT3G59820.1,WT,22,0,0,0,0,0,0,0,0,0,2,0,3,11,10,0,0,0,0,0,0,0,0,0,0,0,0,0
AT3G59820.1,lon1-1,38,0,0,1,0,0,1,6,7,5,11,2,13,32,21,0,0,0,0,0,0,0,0,0,0,0,0,0
AT3G61440.1,WT,335,0,0,1,1,0,0,1,7,4,8,2,6,5,11,17,11,20,15,14,19,28,24,25,25,27,37,46
AT3G61440.1,lon1-1,452,1,0,6,1,4,2,8,12,18,16,6,12,16,26,26,6,7,17,18,19,23,23,28,29,33,45,48
"AT3G61530.1,AT3G61530.2",WT,5,0,0,0,0,0,0,0,0,0,0,0,0,0,0,0,0,0,0,1,4,0,0,0,0,0,0,0
"AT3G61530.1,AT3G61530.2",lon1-1,3,0,0,0,0,0,0,0,0,0,0,0,0,0,0,0,0,0,0,0,1,0,0,0,0,0,0,0
AT3G62530.1,WT,115,0,1,1,0,0,0,0,1,1,5,3,4,2,4,6,7,10,11,12,11,12,13,9,11,13,20,16
AT3G62530.1,lon1-1,253,1,0,4,3,2,4,4,7,12,9,2,5,11,14,16,1,4,11,6,7,13,10,11,13,15,24,23
AT3G62810.1,WT,19,0,0,0,0,0,0,0,0,0,0,0,0,0,0,0,0,0,0,0,0,0,0,0,0,0,0,0
AT3G62810.1,lon1-1,18,0,0,0,0,0,0,0,0,0,0,0,0,0,0,0,0,0,0,0,0,0,0,0,0,0,0,0
AT4G00026.1,WT,10,0,0,0,0,0,0,0,0,0,0,0,0,0,0,0,0,0,0,0,0,0,0,0,0,0,0,0
AT4G00026.1,lon1-1,4,0,0,0,0,0,0,0,0,0,0,0,0,0,0,0,0,0,0,0,0,0,0,0,0,0,0,0
AT4G00530.1,WT,0,0,0,0,0,0,0,0,0,0,0,0,0,0,0,0,0,0,0,0,0,0,0,0,0,0,0,0
AT4G00530.1,lon1-1,1,0,0,0,0,0,0,0,0,0,0,0,0,0,0,0,0,0,0,0,0,0,0,0,0,0,0,0
AT4G00570.1,WT,173,0,0,0,0,0,1,23,27,1,6,3,31,34,34,44,5,9,17,33,18,29,20,29,37,50,34,57
AT4G00570.1,lon1-1,134,0,0,0,0,0,1,10,12,12,17,12,30,36,40,54,0,0,5,8,10,8,11,12,17,35,29,39
AT4G00585.1,WT,4,0,2,2,0,0,0,0,0,0,0,0,0,0,0,0,0,0,0,0,0,0,0,0,0,0,0,0
AT4G00585.1,lon1-1,2,0,0,2,0,0,0,0,0,0,0,0,0,0,0,0,0,0,0,0,0,0,0,0,0,0,0,0
AT4G01660.1,WT,10,0,0,0,0,0,0,0,0,0,0,0,0,1,4,0,0,0,0,0,0,0,0,0,0,0,0,0
AT4G01660.1,lon1-1,2,0,0,0,0,0,0,0,0,0,0,0,0,0,6,2,0,0,0,0,0,0,0,0,0,0,0,0
AT4G02580.1,WT,47,7,22,27,2,0,0,0,5,7,14,8,21,20,18,4,1,1,1,0,0,1,1,2,2,8,12,2
AT4G02580.1,lon1-1,28,4,5,6,0,0,0,0,2,6,6,4,12,22,23,10,0,1,0,1,1,1,1,3,2,7,6,5
AT4G02930.1,WT,161,0,0,6,0,1,1,7,17,19,14,3,18,17,43,48,16,34,37,32,48,61,53,64,70,77,79,95
AT4G02930.1,lon1-1,298,8,8,26,5,9,8,15,31,43,40,11,34,42,54,55,10,34,52,49,51,59,59,71,80,87,95,92
"AT4G05020.1,AT4G05020.2",WT,26,0,0,0,0,0,0,1,3,1,4,3,7,4,2,0,0,0,0,0,0,0,0,0,0,0,0,0
"AT4G05020.1,AT4G05020.2",lon1-1,15,0,0,0,0,0,0,0,1,3,3,0,2,6,1,0,0,0,0,0,0,0,0,0,0,0,0,0
"AT4G05400.1,AT4G05400.2",WT,7,0,0,0,0,0,0,0,0,0,0,0,0,0,0,0,0,0,0,0,0,0,0,0,0,0,0,0
"AT4G05400.1,AT4G05400.2",lon1-1,21,0,0,0,0,0,0,0,0,0,0,0,0,0,2,4,0,0,0,0,0,0,0,0,0,0,0,0
"AT4G08390.1,AT4G08390.2,AT4G08390.3",WT,36,0,0,0,0,0,0,0,0,0,0,0,0,0,0,0,0,0,0,0,1,0,0,0,0,1,0,7
"AT4G08390.1,AT4G08390.2,AT4G08390.3",lon1-1,34,0,0,0,0,0,0,0,0,0,0,0,0,0,1,0,0,0,0,0,0,1,0,0,0,3,1,5
AT4G08870.1,WT,109,0,0,0,0,0,0,0,1,0,7,62,62,12,0,0,0,2,6,7,12,17,20,62,172,37,1,0
AT4G08870.1,lon1-1,97,0,0,0,0,0,0,2,7,13,17,52,68,14,0,1,0,0,6,4,15,17,20,46,154,36,1,1
AT4G08900.1,WT,50,0,0,0,0,0,0,0,1,0,4,25,30,24,0,0,0,1,4,6,6,9,14,31,84,42,0,0
AT4G08900.1,lon1-1,44,0,0,0,0,0,0,1,4,7,10,19,37,29,0,0,0,0,6,2,7,11,10,22,74,41,0,0
AT4G10040.1,WT,29,0,0,0,0,0,0,0,0,0,0,0,0,0,0,0,0,0,0,0,0,0,0,0,0,0,0,0
AT4G10040.1,lon1-1,22,0,1,1,0,0,2,1,0,0,0,0,0,0,1,1,0,0,0,0,0,0,0,0,0,0,0,0
AT4G11010.1,WT,98,2,4,9,6,12,16,39,49,62,60,47,50,38,40,3,13,31,35,26,35,34,29,26,18,12,5,2
AT4G11010.1,lon1-1,126,10,13,16,7,20,21,32,35,47,57,45,46,47,45,7,7,19,26,27,31,33,30,29,25,21,17,6
AT4G11060.1,WT,0,0,0,0,0,0,0,0,0,0,0,0,0,0,0,0,0,0,0,0,0,0,0,0,0,0,0,0
AT4G11060.1,lon1-1,9,0,0,0,0,0,0,0,0,0,0,0,0,0,0,0,0,0,0,0,0,0,0,0,0,0,0,0
AT4G11120.1,WT,15,0,0,0,0,0,0,0,0,0,0,0,0,0,0,0,0,0,0,0,0,0,0,0,0,0,0,3
AT4G11120.1,lon1-1,28,0,0,0,0,0,0,0,0,0,0,0,0,0,0,1,0,0,0,0,0,0,0,0,0,0,2,6
AT4G11600.1,WT,7,0,0,0,0,0,0,0,0,0,0,0,0,0,0,0,0,0,0,0,0,0,0,0,0,0,0,0
AT4G11600.1,lon1-1,2,0,0,0,0,0,0,0,0,0,0,0,0,0,0,0,0,0,0,0,0,0,0,0,0,0,0,0
AT4G12130.1,WT,9,0,0,0,0,0,0,0,0,0,0,0,0,0,0,0,0,0,0,0,0,0,0,0,0,0,0,0
AT4G12130.1,lon1-1,17,0,0,0,0,0,0,0,0,0,0,0,0,0,0,0,0,0,0,0,0,0,0,0,0,0,0,0
AT4G13360.1,WT,0,0,0,0,0,0,0,0,0,0,0,0,0,0,0,0,0,0,0,0,0,0,0,0,0,0,0,0
AT4G13360.1,lon1-1,2,0,0,0,0,0,0,0,0,0,0,0,0,0,0,0,0,0,0,0,0,0,0,0,0,0,0,0
AT4G15640.1,WT,11,0,0,0,0,0,0,0,0,0,0,0,0,0,0,0,0,0,0,0,0,0,0,0,0,0,0,0
AT4G15640.1,lon1-1,7,0,0,0,0,0,0,0,0,0,0,0,0,0,0,0,0,0,0,0,0,0,0,0,0,0,0,0
AT4G15940.1,WT,9,0,0,0,0,0,0,0,0,0,0,0,0,0,0,0,0,0,0,0,0,0,0,0,0,0,0,0
AT4G15940.1,lon1-1,5,0,0,0,0,0,0,0,0,0,0,0,0,0,0,0,0,0,0,0,0,0,0,0,0,0,0,1
"AT4G16450.1,AT4G16450.2",WT,28,11,21,14,6,1,1,1,1,0,0,0,0,0,0,0,0,0,0,0,0,0,0,0,0,0,0,0
"AT4G16450.1,AT4G16450.2",lon1-1,14,6,11,9,3,1,0,0,0,0,0,0,0,0,0,0,0,0,0,0,0,0,0,0,0,0,0,0
AT4G16800.1,WT,6,0,0,0,0,0,0,0,0,0,0,0,0,0,0,7,0,0,0,0,0,0,0,0,0,0,1,6
AT4G16800.1,lon1-1,10,0,0,0,0,0,0,0,0,0,0,0,0,0,0,2,0,0,0,0,0,0,0,0,0,0,0,11
AT4G20150.1,WT,8,0,6,3,0,0,0,0,0,0,0,0,0,0,0,0,0,0,0,0,0,0,0,0,0,0,0,0
AT4G20150.1,lon1-1,1,0,0,1,0,0,0,0,0,0,0,0,0,0,0,0,0,0,0,0,0,0,0,0,0,0,0,0
AT4G20930.1,WT,5,0,0,0,0,0,0,0,0,0,0,0,0,0,0,0,0,0,0,0,0,0,0,0,0,0,0,0
AT4G20930.1,lon1-1,2,0,0,0,0,0,0,0,0,0,0,0,0,0,0,0,0,0,0,0,0,0,0,0,0,0,0,0
AT4G22310.1,WT,11,0,0,0,0,0,0,0,0,0,0,0,0,0,0,0,0,0,0,0,0,0,0,0,0,0,0,0
AT4G22310.1,lon1-1,5,0,0,0,0,0,0,0,0,0,0,0,0,0,0,1,0,0,0,0,0,0,0,0,0,0,0,0
"AT4G26210.1,AT4G26210.2",WT,23,1,1,3,6,5,1,4,0,0,0,0,1,2,3,4,0,0,0,0,0,0,0,0,0,0,0,0
"AT4G26210.1,AT4G26210.2",lon1-1,24,3,2,4,5,4,2,6,4,3,0,3,3,4,7,5,0,0,0,0,0,0,0,0,0,0,0,0
AT4G26780.1,WT,66,0,0,0,0,0,0,0,0,0,0,0,0,0,0,0,0,0,0,0,0,0,0,0,0,0,0,0
AT4G26780.1,lon1-1,61,0,0,0,0,0,0,0,0,0,0,0,0,0,0,2,0,0,0,0,0,0,0,0,0,0,0,0
"AT4G26910.1,AT4G26910.2,AT4G26910.3",WT,123,10,7,3,1,0,0,2,5,0,1,0,6,0,0,4,0,0,0,0,0,0,0,0,0,0,0,0
"AT4G26910.1,AT4G26910.2,AT4G26910.3",lon1-1,122,5,1,4,0,0,0,0,0,0,0,0,1,0,0,1,0,0,0,0,0,0,0,0,0,0,0,0
AT4G26965.1,WT,0,0,0,0,0,0,0,0,0,0,0,0,0,0,0,0,0,0,0,0,0,0,0,0,0,0,0,0
AT4G26965.1,lon1-1,1,0,0,0,0,0,0,0,0,0,0,0,0,0,0,0,0,0,0,0,0,0,0,0,0,0,0,0
AT4G26970.1,WT,321,0,0,3,1,0,1,6,42,42,78,52,120,162,186,105,24,65,64,78,115,121,114,145,180,245,565,319
AT4G26970.1,lon1-1,252,7,1,27,7,7,16,21,49,104,91,50,108,174,186,81,3,22,48,50,70,88,78,108,126,194,424,239
AT4G27585.1,WT,107,107,1,0,0,0,0,0,0,0,0,0,0,0,0,0,0,0,0,0,0,0,0,0,0,0,0,0
AT4G27585.1,lon1-1,172,139,30,10,1,1,0,0,0,0,0,0,0,0,0,0,0,0,0,0,0,0,0,0,0,0,0,0
AT4G28220.1,WT,14,0,0,0,0,0,0,0,0,0,0,0,0,1,1,0,0,0,0,0,0,0,0,0,0,0,0,0
AT4G28220.1,lon1-1,2,0,0,0,0,0,0,0,1,0,0,0,0,1,3,0,0,0,0,0,0,0,0,0,0,0,0,0
AT4G28510.1,WT,118,52,69,90,11,0,0,0,0,0,0,0,0,0,1,1,0,0,0,0,0,0,0,0,0,0,0,0
AT4G28510.1,lon1-1,140,74,66,91,8,2,1,1,2,2,2,0,3,2,10,8,1,0,0,0,0,0,0,0,0,0,0,0
AT4G29130.1,WT,79,0,0,0,0,0,0,0,7,5,8,3,11,17,32,34,0,0,0,0,0,0,0,0,0,0,0,0
AT4G29130.1,lon1-1,102,1,2,17,7,6,9,22,33,27,35,7,22,31,44,38,0,0,0,0,0,0,0,0,0,0,0,1
AT4G29480.1,WT,36,1,1,3,6,5,1,4,0,0,0,0,1,2,3,4,0,0,0,0,0,0,0,0,0,0,0,0
AT4G29480.1,lon1-1,31,3,2,4,5,4,2,6,4,3,0,3,3,4,7,5,0,0,0,0,0,0,0,0,0,0,0,0
"AT4G30000.1,AT4G30000.2",WT,4,0,0,0,0,0,0,0,0,0,0,0,0,0,0,0,0,0,0,0,0,0,0,0,1,0,0,1
"AT4G30000.1,AT4G30000.2",lon1-1,2,0,0,0,0,0,0,0,0,0,0,0,0,0,0,0,0,0,0,0,0,0,0,0,0,0,0,2
AT4G30010.1,WT,12,0,1,0,2,5,0,0,2,0,0,0,0,0,0,0,0,0,0,0,0,0,0,0,0,0,0,0
AT4G30010.1,lon1-1,5,0,0,0,1,3,3,2,0,0,0,0,0,0,0,0,0,0,0,0,0,0,0,0,0,0,0,0
AT4G30930.1,WT,5,0,0,0,0,0,0,0,0,0,0,0,0,0,0,0,0,0,0,0,0,0,0,0,0,0,0,0
AT4G30930.1,lon1-1,5,0,0,0,0,0,0,0,0,0,0,0,0,0,0,0,0,0,0,0,0,0,0,0,0,0,0,0
AT4G31460.1,WT,4,0,0,0,0,0,0,0,0,0,0,0,0,0,0,0,0,0,0,0,0,0,0,0,0,0,0,0
AT4G31460.1,lon1-1,2,0,0,0,0,0,0,0,0,0,0,0,0,0,0,0,0,0,0,0,0,0,0,0,0,0,0,0
AT4G31810.1,WT,20,0,0,0,0,0,0,0,0,0,0,0,0,0,0,0,0,0,0,0,0,0,0,0,0,0,0,0
AT4G31810.1,lon1-1,18,0,0,0,0,0,0,0,0,0,0,0,0,0,0,0,0,0,0,0,0,0,0,0,0,0,0,0
AT4G31930.1,WT,0,0,0,0,0,0,0,0,0,0,0,0,0,0,0,0,0,0,0,0,0,0,0,0,0,0,0,0
AT4G31930.1,lon1-1,1,0,0,0,0,0,0,0,0,0,0,0,0,0,0,0,0,0,0,0,0,0,0,0,0,0,0,0
"AT4G32210.1,AT5G09600.1,AT5G09600.2,AT5G09600.3",WT,13,0,0,0,0,0,0,0,0,0,0,0,0,0,0,0,0,0,0,0,0,0,0,0,0,0,0,0
"AT4G32210.1,AT5G09600.1,AT5G09600.2,AT5G09600.3",lon1-1,12,0,0,0,0,0,0,0,0,0,0,0,0,0,0,2,0,0,0,0,0,0,0,0,0,0,0,0
AT4G32470.1,WT,84,20,37,6,15,13,34,4,0,0,0,0,0,0,0,0,0,1,0,0,0,0,0,0,0,0,0,0
AT4G32470.1,lon1-1,60,20,33,17,21,27,40,0,0,0,0,0,0,0,0,0,0,0,0,0,0,0,0,0,0,0,0,0
AT4G32605.1,WT,3,0,0,0,0,0,0,0,0,0,0,0,0,0,0,0,0,0,0,0,0,0,0,0,0,0,0,0
AT4G32605.1,lon1-1,10,0,0,0,0,0,0,0,0,0,0,0,0,0,0,0,0,0,0,0,0,0,0,0,0,0,0,0
AT4G34030.1,WT,28,0,0,0,0,0,0,0,0,0,0,0,0,0,1,0,4,20,21,4,14,0,0,0,0,1,1,0
AT4G34030.1,lon1-1,16,0,0,0,0,0,0,0,1,0,0,0,0,0,2,0,0,8,9,4,11,1,0,0,0,0,0,0
AT4G34700.1,WT,30,0,2,1,0,0,0,0,0,0,0,0,0,0,0,0,0,0,0,0,0,0,0,0,0,0,0,0
AT4G34700.1,lon1-1,5,0,1,0,0,0,0,0,0,0,0,0,0,0,0,0,0,0,0,0,0,0,0,0,0,0,0,0
AT4G35260.1,WT,84,0,0,1,0,0,0,1,4,0,2,2,4,4,7,7,44,70,64,56,56,58,60,61,54,74,64,78
AT4G35260.1,lon1-1,55,0,0,0,0,0,0,0,2,1,2,0,4,5,4,5,11,31,35,35,29,43,45,50,54,58,59,64
AT4G35490.1,WT,3,0,0,0,0,0,0,0,0,0,0,0,0,0,0,0,0,0,0,0,0,0,0,0,0,0,0,0
AT4G35490.1,lon1-1,5,0,0,0,0,0,0,0,0,0,0,0,0,0,0,0,0,0,0,0,0,0,0,0,0,0,0,0
AT4G35850.1,WT,27,0,0,0,0,0,0,0,1,0,3,1,12,3,0,0,0,0,0,0,1,1,1,6,5,7,0,0
AT4G35850.1,lon1-1,31,0,0,0,0,0,0,0,2,4,6,7,21,8,0,0,0,0,0,0,0,0,0,1,7,14,0,0
"AT4G36400.1,AT4G36400.2",WT,4,0,0,0,0,0,0,0,0,0,0,0,0,0,0,0,0,0,0,0,0,0,0,0,0,0,0,0
"AT4G36400.1,AT4G36400.2",lon1-1,2,0,0,0,0,0,0,0,0,0,0,0,0,0,0,0,0,0,0,0,0,0,0,0,0,0,0,0
AT4G36420.1,WT,7,0,0,0,0,0,0,0,0,0,0,0,0,0,0,0,0,0,0,0,0,0,0,0,0,0,0,0
AT4G36420.1,lon1-1,2,0,0,0,0,0,0,0,0,0,0,0,0,0,0,0,0,0,0,0,0,0,0,0,0,0,0,0
AT4G36680.1,WT,3,0,0,0,0,0,0,0,0,0,0,0,0,0,0,0,0,0,0,0,0,0,0,0,0,0,0,0
AT4G36680.1,lon1-1,12,0,0,0,0,0,0,0,0,0,0,0,0,0,0,1,0,0,0,0,0,0,0,0,0,0,0,0
AT4G37660.1,WT,1,0,0,0,0,0,0,0,0,0,0,0,0,0,0,0,0,0,0,0,0,0,0,0,0,0,0,0
AT4G37660.1,lon1-1,6,0,0,0,0,0,0,0,0,0,0,0,0,0,0,0,0,0,0,0,0,0,0,0,0,0,0,0
AT4G37910.1,WT,302,9,6,18,7,8,10,23,59,44,40,19,54,81,171,192,55,65,64,68,107,124,137,159,159,183,197,312
AT4G37910.1,lon1-1,518,27,24,87,42,45,65,66,98,161,140,80,123,166,300,319,27,92,113,106,151,183,190,249,237,238,294,499
AT4G37930.1,WT,406,5,8,10,7,8,10,29,67,56,76,56,171,74,91,136,22,39,52,42,64,74,61,79,114,87,71,77
AT4G37930.1,lon1-1,519,18,12,43,13,19,33,44,69,104,107,88,204,115,117,152,14,36,47,41,52,72,69,83,126,98,85,79
AT4G39660.1,WT,59,0,0,0,0,0,0,0,0,0,1,26,27,11,13,17,0,0,0,0,2,3,1,44,123,11,30,45
AT4G39660.1,lon1-1,55,0,0,0,0,0,0,0,3,2,4,22,35,25,18,20,0,0,0,0,2,1,3,20,80,7,32,36
AT4G39690.1,WT,59,0,0,5,0,0,0,2,11,12,17,8,23,18,1,0,0,0,0,0,0,1,0,0,0,0,0,0
AT4G39690.1,lon1-1,42,3,6,16,8,5,5,5,8,12,17,5,11,10,1,1,0,0,0,0,0,0,0,0,0,0,0,0
AT4G39880.1,WT,2,0,0,0,0,0,0,0,0,0,0,0,0,0,0,0,0,0,0,0,0,0,0,0,0,0,0,0
AT4G39880.1,lon1-1,2,0,0,0,0,0,0,0,0,0,0,0,0,0,0,0,0,0,0,0,0,0,0,0,0,0,0,0
AT5G02050.1,WT,10,0,0,0,0,0,0,0,0,0,0,0,0,0,0,0,0,0,0,0,0,0,0,0,0,0,0,0
AT5G02050.1,lon1-1,17,0,0,0,0,0,0,0,0,0,0,0,0,0,0,0,0,0,0,0,0,0,0,0,0,0,0,0
AT5G02130.1,WT,7,0,0,0,0,0,0,0,0,0,0,0,0,0,0,0,0,0,0,0,0,0,0,0,0,0,0,0
AT5G02130.1,lon1-1,7,0,0,0,0,0,0,0,0,0,0,0,0,0,0,0,0,0,0,0,0,0,0,0,0,0,0,0
AT5G02740.1,WT,11,0,0,0,0,0,0,0,0,1,2,2,2,0,0,0,0,0,1,0,1,2,2,6,4,6,1,0
AT5G02740.1,lon1-1,11,0,0,0,0,0,0,0,1,4,3,2,5,2,0,1,0,0,0,0,0,2,2,2,3,6,3,1
AT5G03290.1,WT,96,0,1,3,0,2,1,2,8,4,4,3,8,12,12,6,41,50,58,52,66,74,68,66,62,63,62,45
AT5G03290.1,lon1-1,84,0,0,4,0,2,3,4,7,9,11,4,8,13,9,10,14,23,29,38,43,49,53,63,53,56,46,52
AT5G05990.1,WT,1,0,0,0,0,0,0,0,0,0,0,0,0,0,0,0,0,0,0,0,0,0,0,0,0,0,0,0
AT5G05990.1,lon1-1,2,0,0,0,0,0,0,0,0,0,0,0,0,0,0,0,0,0,0,0,0,0,0,0,0,0,0,0
AT5G06580.1,WT,7,0,0,0,0,0,0,0,0,0,0,0,0,0,0,3,0,0,0,0,0,0,0,0,0,0,0,3
AT5G06580.1,lon1-1,4,0,0,0,0,0,0,0,0,0,0,0,0,0,0,1,0,0,0,0,0,0,0,0,0,0,0,3
"AT5G07440.1,AT5G07440.2",WT,117,0,0,7,4,3,3,30,37,40,111,5,0,0,0,0,16,45,53,44,62,80,366,15,4,2,5,0
"AT5G07440.1,AT5G07440.2",lon1-1,128,11,12,27,15,22,29,40,41,61,124,8,0,1,1,1,7,38,47,47,53,72,290,15,4,0,2,1
AT5G08060.1,WT,21,1,5,5,0,0,0,0,0,0,0,0,0,0,0,0,0,0,0,0,0,0,0,0,0,0,0,0
AT5G08060.1,lon1-1,12,0,0,1,0,0,0,0,0,0,0,0,0,0,0,0,0,0,0,0,0,0,0,0,0,0,0,0
AT5G08300.1,WT,168,0,0,0,0,0,0,0,0,0,0,0,0,1,6,8,6,7,9,4,8,15,12,23,35,37,49,63
AT5G08300.1,lon1-1,146,0,0,0,0,0,0,0,1,2,0,0,2,0,11,14,0,1,3,3,5,10,8,12,28,35,39,45
AT5G08530.1,WT,50,13,27,31,2,0,1,4,8,9,19,8,40,40,29,1,0,0,0,0,1,1,1,0,0,4,5,0
AT5G08530.1,lon1-1,15,3,5,3,0,0,0,0,0,1,5,0,17,27,27,7,0,0,0,0,1,0,0,0,0,1,4,1
"AT5G08670.1,AT5G08680.1,AT5G08690.1",WT,1033,81,117,206,338,556,155,156,247,95,88,45,90,103,167,284,61,121,14,18,47,27,15,13,20,16,21,38
"AT5G08670.1,AT5G08680.1,AT5G08690.1",lon1-1,938,63,90,234,330,441,155,146,178,131,118,71,110,130,213,384,18,37,13,12,27,32,24,25,28,36,39,53
AT5G09450.1,WT,2,0,0,0,0,0,0,0,0,0,0,0,0,0,0,0,0,0,0,0,0,0,0,0,0,0,0,0
AT5G09450.1,lon1-1,6,0,0,0,0,0,0,0,0,0,0,0,0,0,0,1,0,0,0,0,0,0,0,0,0,0,0,0
AT5G09590.1,WT,372,2,2,7,1,4,4,9,25,26,22,9,27,43,111,214,30,36,33,30,68,73,87,133,165,165,161,345
AT5G09590.1,lon1-1,460,8,7,28,17,23,30,27,44,87,75,46,57,78,150,277,10,37,54,59,82,98,100,158,186,190,181,378
AT5G09840.1,WT,0,0,0,0,0,0,0,0,0,0,0,0,0,0,0,0,0,0,0,0,0,0,0,0,0,0,0,0
AT5G09840.1,lon1-1,1,0,0,0,0,0,0,0,0,0,0,0,0,0,0,0,0,0,0,0,0,0,0,0,0,0,0,0
AT5G10730.1,WT,12,0,0,0,0,0,0,0,0,0,0,0,0,0,0,1,0,0,0,0,0,0,0,0,0,0,0,0
AT5G10730.1,lon1-1,11,0,0,0,0,0,0,0,0,0,0,0,0,0,0,1,0,0,0,0,0,0,0,0,0,0,0,0
AT5G10860.1,WT,62,0,0,0,0,0,0,0,0,0,0,0,0,0,0,0,0,1,2,1,1,1,0,1,0,0,0,0
AT5G10860.1,lon1-1,78,0,0,0,0,0,0,0,0,0,0,0,0,1,0,2,1,1,2,1,0,1,1,0,0,0,0,0
AT5G11770.1,WT,8,2,2,3,1,0,0,0,0,0,0,0,0,0,0,0,0,0,0,0,0,0,0,0,0,0,0,0
AT5G11770.1,lon1-1,6,1,0,5,0,0,0,0,0,0,0,0,0,0,1,0,0,0,0,0,0,0,0,0,0,0,0,0
"AT5G13430.1,AT5G13440.1",WT,51,20,47,7,17,15,56,0,0,0,0,0,1,0,0,0,0,6,3,0,2,2,1,1,1,1,1,1
"AT5G13430.1,AT5G13440.1",lon1-1,41,15,28,16,26,32,51,0,0,0,0,0,0,0,0,0,0,2,3,0,0,0,0,1,0,0,1,0
AT5G13450.1,WT,120,1,4,23,54,92,6,2,0,0,0,0,0,0,2,0,6,12,0,0,0,0,0,0,0,0,0,0
AT5G13450.1,lon1-1,81,0,2,15,41,59,6,1,4,1,1,0,1,0,3,0,0,0,0,0,0,0,0,0,0,0,0,0
"AT5G13490.1,AT5G13490.2",WT,541,48,45,49,26,28,30,43,49,43,45,39,51,57,89,138,14,16,11,11,7,12,7,9,8,7,22,12
"AT5G13490.1,AT5G13490.2",lon1-1,439,37,33,43,27,29,32,32,38,46,49,39,49,64,103,148,12,19,8,11,11,16,9,10,12,5,14,9
AT5G14040.1,WT,254,3,2,2,1,0,0,2,14,9,8,3,14,13,32,46,0,0,0,0,0,0,0,0,0,0,0,2
AT5G14040.1,lon1-1,225,5,2,12,2,5,8,12,27,29,29,8,17,23,41,52,0,0,0,0,0,0,0,0,0,0,0,0
AT5G14580.1,WT,3,0,0,0,0,0,0,0,0,0,0,0,0,0,0,0,0,1,1,1,1,0,0,1,1,0,0,0
AT5G14580.1,lon1-1,9,0,0,0,0,0,0,0,0,0,0,0,0,0,0,0,0,0,1,0,0,0,0,0,3,9,0,0
AT5G14590.1,WT,43,0,0,0,0,0,0,0,0,0,0,0,0,1,0,5,0,0,0,0,0,0,1,1,9,6,20,22
AT5G14590.1,lon1-1,32,0,0,0,0,0,0,0,0,0,0,0,0,1,5,10,0,0,0,0,0,0,1,2,5,6,17,12
AT5G14780.1,WT,83,0,0,0,0,0,0,0,0,0,0,0,1,1,1,64,10,1,1,0,5,4,3,3,3,8,9,188
AT5G14780.1,lon1-1,81,0,0,0,0,0,0,0,1,0,1,0,0,1,2,53,0,0,1,1,0,3,0,2,3,2,5,124
"AT5G15090.1,AT5G15090.2",WT,173,2,1,3,2,1,2,8,25,8,12,4,14,7,37,21,0,0,0,0,1,0,0,0,0,0,0,0
"AT5G15090.1,AT5G15090.2",lon1-1,174,12,12,24,14,15,19,26,30,33,33,18,22,23,38,32,0,0,0,0,0,0,0,0,0,0,0,0
"AT5G15320.1,AT5G15320.2",WT,2,0,0,1,0,0,0,0,0,0,0,0,0,0,1,1,0,0,0,0,0,0,0,0,0,0,0,0
"AT5G15320.1,AT5G15320.2",lon1-1,25,0,0,0,0,0,0,1,0,0,0,0,1,2,2,3,0,0,0,0,0,0,0,0,0,0,0,0
AT5G15910.1,WT,13,0,0,0,0,0,0,0,0,0,0,0,0,0,0,0,0,0,0,0,0,0,0,0,0,0,0,0
AT5G15910.1,lon1-1,7,0,0,0,0,0,0,0,0,0,0,0,0,0,0,0,0,0,0,0,0,0,0,0,0,0,0,0
AT5G15980.1,WT,11,0,0,0,0,0,0,0,0,0,0,0,0,0,2,2,0,0,0,0,0,0,0,0,0,0,0,0
AT5G15980.1,lon1-1,20,0,0,0,0,0,0,0,0,0,0,0,0,1,6,8,0,0,0,0,0,0,0,0,0,0,0,0
AT5G18170.1,WT,52,0,0,2,1,1,2,5,11,14,55,0,0,0,0,0,2,7,13,7,21,45,114,3,0,0,0,0
AT5G18170.1,lon1-1,50,2,2,13,3,6,11,10,15,29,54,0,0,0,0,0,2,6,12,10,19,42,100,3,0,0,0,0
AT5G19760.1,WT,241,0,0,1,0,0,0,0,2,0,0,0,0,1,4,24,0,0,0,0,0,0,0,0,0,0,0,2
AT5G19760.1,lon1-1,200,0,0,1,1,0,1,0,0,0,0,0,1,2,11,44,0,0,0,0,0,0,0,0,0,0,0,2
AT5G20080.1,WT,46,0,0,0,0,0,0,0,0,0,0,0,0,0,0,0,0,0,0,0,0,0,0,0,1,1,1,1
AT5G20080.1,lon1-1,26,0,0,0,0,0,0,0,0,0,0,0,0,0,0,0,0,0,0,0,0,0,0,0,0,1,1,0
"AT5G20090.1,AT5G20090.2",WT,15,0,0,0,0,0,0,0,0,0,0,0,0,0,0,0,0,0,0,0,0,0,0,0,0,0,0,0
"AT5G20090.1,AT5G20090.2",lon1-1,24,1,0,0,0,0,0,0,0,0,0,0,0,0,0,1,0,0,0,0,0,0,0,0,0,0,0,0
AT5G23140.1,WT,23,0,0,0,0,0,0,0,18,0,0,0,0,0,0,0,1,1,3,8,3,43,0,1,3,1,2,5
AT5G23140.1,lon1-1,14,0,0,0,0,0,0,3,8,0,0,0,0,0,0,0,0,0,1,6,1,25,0,1,1,0,1,2
AT5G23200.1,WT,5,0,0,0,0,0,0,0,0,0,0,0,0,0,0,0,0,0,0,0,0,0,0,0,0,0,0,0
AT5G23200.1,lon1-1,5,0,0,0,0,0,0,0,0,0,0,0,0,0,0,0,0,0,0,0,0,0,0,0,0,0,0,0
AT5G23250.1,WT,104,0,0,0,0,0,0,0,0,0,0,0,0,0,3,4,3,3,4,3,4,11,10,18,22,33,37,42
AT5G23250.1,lon1-1,92,0,0,0,0,0,0,0,0,0,0,0,0,0,4,7,0,0,0,2,3,7,7,7,19,31,32,31
AT5G23300.1,WT,42,0,0,0,0,0,0,0,0,0,0,0,0,3,7,4,0,0,0,0,0,0,0,0,0,0,0,0
AT5G23300.1,lon1-1,48,1,0,3,2,0,0,1,6,9,4,1,4,7,12,14,0,0,0,0,0,0,0,0,0,0,0,0
AT5G24165.1,WT,1,0,0,0,0,0,0,0,0,0,0,0,0,0,0,0,0,0,0,0,0,0,0,1,0,0,1,1
AT5G24165.1,lon1-1,3,0,0,0,0,0,0,0,0,0,0,0,0,0,0,0,0,0,0,0,0,0,0,0,0,1,1,0
AT5G25450.1,WT,18,2,8,0,4,5,7,1,0,0,0,0,0,0,0,0,0,0,0,0,0,0,0,0,0,0,0,0
AT5G25450.1,lon1-1,16,1,5,1,4,5,6,0,0,0,0,0,0,0,0,0,0,0,0,0,0,0,0,0,0,0,0,0
AT5G25940.1,WT,19,0,0,0,0,0,0,0,3,2,1,0,0,0,0,0,0,0,0,0,0,0,0,0,0,0,0,0
AT5G25940.1,lon1-1,25,0,0,1,0,0,0,0,2,2,1,0,0,0,2,0,0,0,0,0,0,0,0,0,0,0,0,0
AT5G26800.1,WT,2,0,0,0,0,0,0,0,0,0,0,0,0,0,0,0,0,0,0,0,0,0,0,0,0,0,0,0
AT5G26800.1,lon1-1,2,0,0,0,0,0,0,0,0,0,0,0,0,0,0,0,0,0,0,0,0,0,0,0,0,0,0,0
AT5G26860.1,WT,55,0,0,1,0,0,0,3,3,3,21,12,7,0,0,0,18,41,52,36,48,36,39,55,81,77,14,0
AT5G26860.1,lon1-1,1,0,0,0,0,0,0,0,0,0,0,0,0,0,0,0,0,0,0,0,0,0,0,0,0,0,0,0
"AT5G27540.1,AT5G27540.2",WT,44,0,0,0,0,0,0,0,5,1,4,2,7,10,21,27,0,0,0,0,0,0,0,0,0,0,0,0
"AT5G27540.1,AT5G27540.2",lon1-1,22,0,0,0,1,0,1,3,10,14,12,0,6,12,24,32,0,0,0,0,0,0,0,0,0,0,0,0
AT5G27820.1,WT,3,0,0,0,0,0,0,0,0,0,0,0,0,0,0,0,0,0,0,0,0,0,0,0,0,0,0,0
AT5G27820.1,lon1-1,2,0,0,0,0,0,0,0,0,0,0,0,0,0,0,0,0,0,0,0,0,0,0,0,0,0,0,0
"AT5G37510.1,AT5G37510.2",WT,115,21,36,43,2,1,2,6,14,24,38,7,31,44,60,18,1,2,2,0,3,4,3,4,4,2,9,10
"AT5G37510.1,AT5G37510.2",lon1-1,63,8,10,17,0,2,2,1,7,18,27,5,25,36,61,11,2,4,6,3,3,8,5,4,8,9,12,18
AT5G39600.1,WT,6,0,0,0,0,0,0,0,0,0,0,0,0,0,0,0,0,0,0,0,0,0,0,0,0,0,0,0
AT5G39600.1,lon1-1,4,0,0,0,0,0,0,0,0,0,0,0,0,0,0,0,0,0,0,0,0,0,0,0,0,0,0,0
AT5G40650.1,WT,15,0,0,0,0,0,0,0,0,0,2,3,7,1,9,6,0,0,0,0,0,0,0,0,0,0,0,0
AT5G40650.1,lon1-1,17,0,0,2,0,0,1,2,5,6,7,3,9,6,11,7,0,0,0,0,0,0,0,0,0,0,0,0
AT5G40770.1,WT,277,78,121,132,32,3,1,0,0,0,0,0,0,0,0,1,6,0,0,0,0,0,0,0,0,0,0,0
AT5G40770.1,lon1-1,344,101,101,142,27,9,9,7,9,8,11,0,7,7,13,16,1,0,0,0,0,0,0,0,0,0,0,0
"AT5G40810.1,AT5G40810.2",WT,82,19,56,6,6,19,80,3,0,0,0,0,0,0,0,1,0,4,3,0,0,0,0,0,0,0,0,0
"AT5G40810.1,AT5G40810.2",lon1-1,50,19,35,32,27,36,71,1,0,0,0,0,0,1,1,1,0,0,1,0,0,0,0,0,0,0,0,0
"AT5G41670.1,AT5G41670.2",WT,26,0,0,0,0,0,0,0,0,0,0,0,1,3,5,5,0,0,2,1,3,2,0,6,7,16,12,25
"AT5G41670.1,AT5G41670.2",lon1-1,4,0,0,0,0,0,0,0,0,0,0,0,0,2,1,3,0,0,1,0,0,2,0,2,2,15,11,18
AT5G41970.1,WT,5,0,0,0,0,0,0,0,0,0,0,0,0,0,0,0,0,0,0,0,0,0,0,0,0,0,0,0
AT5G41970.1,lon1-1,5,0,0,0,0,0,0,0,0,0,0,0,0,0,0,0,0,0,0,0,0,0,0,0,0,0,0,0
AT5G42150.1,WT,11,0,0,0,0,0,0,0,0,0,0,0,0,0,0,0,0,0,0,0,0,0,0,0,0,0,0,0
AT5G42150.1,lon1-1,14,0,0,0,0,0,0,0,0,0,0,0,0,0,0,0,0,0,0,0,0,0,0,0,0,0,0,0
AT5G43140.1,WT,0,0,0,0,0,0,0,0,0,0,0,0,0,0,0,0,0,0,0,0,0,0,0,0,0,0,0,0
AT5G43140.1,lon1-1,2,0,0,0,0,0,0,0,0,0,0,0,0,0,0,0,0,0,0,0,0,0,0,0,0,0,0,0
AT5G43970.1,WT,19,0,0,0,0,0,2,4,17,7,3,0,0,0,0,0,0,0,0,0,0,0,0,0,0,0,0,0
AT5G43970.1,lon1-1,26,0,0,0,0,0,0,6,8,13,3,0,0,0,0,0,0,0,0,0,0,0,1,0,0,0,0,0
AT5G44710.1,WT,3,0,0,0,0,0,0,0,0,0,0,0,0,0,0,0,0,0,0,0,0,0,0,0,0,0,0,0
AT5G44710.1,lon1-1,2,0,0,0,0,0,0,0,0,0,0,0,0,0,0,0,0,0,0,0,0,0,0,0,0,0,0,0
"AT5G44730.1,AT5G44730.2",WT,23,0,0,0,0,0,0,0,0,0,0,0,0,0,0,0,0,0,0,0,0,1,0,0,1,0,0,0
"AT5G44730.1,AT5G44730.2",lon1-1,25,0,0,0,0,0,0,0,0,0,0,0,0,0,0,0,0,0,0,0,0,0,0,0,0,0,0,0
"AT5G46160.1,AT5G46160.2",WT,11,0,0,0,0,0,0,0,0,0,0,0,0,0,0,0,0,0,0,0,0,0,0,0,0,0,0,0
"AT5G46160.1,AT5G46160.2",lon1-1,13,0,0,0,0,0,0,0,0,0,0,0,0,0,0,0,0,0,0,0,0,0,0,0,0,0,0,0
AT5G46800.1,WT,72,0,0,0,0,0,0,0,0,0,0,0,0,0,0,0,0,0,0,0,0,0,0,0,0,0,0,0
AT5G46800.1,lon1-1,47,0,0,0,0,0,0,0,0,0,0,0,0,0,1,3,0,0,0,0,0,0,0,0,0,0,0,0
AT5G47030.1,WT,25,0,1,5,7,13,4,5,7,0,0,0,0,0,0,0,0,1,0,0,0,0,0,0,0,0,0,0
AT5G47030.1,lon1-1,34,0,1,4,8,9,5,8,3,2,0,0,0,1,0,0,0,0,0,0,0,0,0,0,0,0,0,0
AT5G47320.1,WT,5,0,0,0,0,0,0,0,0,0,0,0,0,0,0,0,0,0,0,0,0,0,0,0,0,0,0,0
AT5G47320.1,lon1-1,5,0,0,0,0,0,0,0,0,0,0,0,0,0,0,0,0,0,0,0,0,0,0,0,0,0,0,0
"AT5G47435.1,AT5G47435.2",WT,6,0,0,0,0,0,0,0,0,0,0,0,0,0,0,0,0,0,0,0,0,0,0,0,0,0,0,0
"AT5G47435.1,AT5G47435.2",lon1-1,3,0,0,0,0,0,0,0,0,0,0,0,0,0,0,0,0,0,0,0,0,0,0,0,0,0,0,0
AT5G47570.1,WT,5,0,0,2,0,0,0,0,0,0,0,0,0,0,0,0,0,0,0,0,0,0,0,0,0,0,0,0
AT5G47570.1,lon1-1,2,0,1,0,0,0,0,0,0,0,0,0,0,0,0,0,0,0,0,0,0,0,0,0,0,0,0,0
AT5G47890.1,WT,4,0,0,0,0,0,0,0,0,0,0,0,0,0,0,0,0,0,0,0,0,0,0,0,0,0,0,0
AT5G47890.1,lon1-1,2,0,0,0,0,0,0,0,0,0,0,0,0,0,0,0,0,0,0,0,0,0,0,0,0,0,0,0
AT5G48030.1,WT,0,0,0,0,0,0,0,0,0,0,0,0,0,0,0,0,0,1,0,0,0,0,0,0,0,0,0,0
AT5G48030.1,lon1-1,10,0,0,0,0,0,0,0,0,0,0,0,0,0,0,0,0,0,0,0,0,0,0,0,0,0,0,0
"AT5G49210.1,AT5G49210.2",WT,2,0,0,0,0,0,0,0,0,0,0,0,0,0,0,0,0,0,0,0,0,0,0,0,0,0,0,0
"AT5G49210.1,AT5G49210.2",lon1-1,1,0,0,0,0,0,0,0,0,0,0,0,0,0,0,0,0,0,0,0,0,0,0,0,0,0,0,0
AT5G49555.1,WT,14,0,0,0,0,0,0,0,0,0,0,0,0,0,0,0,0,0,0,0,0,0,0,0,0,0,0,0
AT5G49555.1,lon1-1,7,0,0,0,0,0,0,0,0,0,0,0,0,0,0,0,0,0,0,0,0,0,0,0,0,0,0,0
AT5G50370.1,WT,45,0,0,0,0,0,0,0,0,0,0,0,0,1,2,4,0,0,0,0,0,0,0,0,0,1,0,1
AT5G50370.1,lon1-1,52,0,0,0,0,0,0,0,1,2,0,0,0,1,2,6,0,0,0,0,0,0,0,0,0,0,1,0
AT5G50810.1,WT,0,0,0,0,0,0,0,0,0,0,0,0,0,0,0,0,0,0,0,0,0,0,0,0,0,0,0,0
AT5G50810.1,lon1-1,2,0,0,0,0,0,0,0,0,0,0,0,0,0,0,0,0,0,0,0,0,0,0,0,0,0,0,0
AT5G50850.1,WT,219,0,1,2,1,0,1,5,25,22,24,15,40,41,91,51,7,15,17,11,23,24,23,32,45,67,97,33
AT5G50850.1,lon1-1,208,0,0,7,1,0,2,5,18,26,32,10,32,42,87,46,1,1,2,4,8,13,12,13,26,50,86,22
AT5G51220.1,WT,4,0,0,0,0,0,0,0,0,0,0,0,0,0,0,0,0,0,0,0,0,0,0,0,0,0,0,0
AT5G51220.1,lon1-1,10,0,0,0,0,0,0,0,0,0,0,0,0,0,0,0,0,0,0,0,0,0,0,0,0,0,0,0
AT5G51440.1,WT,4,0,0,0,0,0,0,0,0,0,0,0,0,0,0,0,0,0,0,0,0,0,0,0,0,0,0,0
AT5G51440.1,lon1-1,29,0,0,0,0,0,0,0,0,0,0,0,0,0,0,0,0,0,0,0,0,0,0,0,0,0,0,0
AT5G51740.1,WT,0,0,0,0,0,0,0,0,0,0,0,0,0,0,0,0,0,0,0,0,0,0,0,0,0,0,0,0
AT5G51740.1,lon1-1,0,0,0,0,0,0,0,0,0,0,0,0,0,0,0,0,0,0,0,0,0,0,0,0,0,0,0,0
AT5G52370.1,WT,0,0,0,0,0,0,0,0,0,0,0,0,0,0,0,0,0,0,0,0,0,0,0,0,0,0,0,0
AT5G52370.1,lon1-1,1,0,0,0,0,0,0,0,0,0,0,0,0,0,0,0,0,0,0,0,0,0,0,0,0,0,0,0
AT5G52840.1,WT,62,31,41,41,6,0,0,0,1,0,1,1,3,3,8,5,0,0,0,0,0,0,0,0,0,0,0,0
AT5G52840.1,lon1-1,31,24,36,34,6,1,0,0,0,3,2,1,2,5,8,5,0,0,0,0,0,0,0,0,0,0,1,0
AT5G53070.1,WT,9,0,0,0,0,0,0,0,0,0,0,0,0,0,0,0,0,0,0,0,0,0,0,0,0,0,0,0
AT5G53070.1,lon1-1,12,0,0,0,0,0,0,0,0,0,0,0,0,0,0,0,0,0,0,0,0,0,0,0,0,0,0,0
AT5G53350.1,WT,2,0,0,0,0,0,0,0,0,0,0,0,0,0,0,1,0,1,1,0,0,0,0,1,1,2,0,4
AT5G53350.1,lon1-1,2,0,0,0,0,0,0,0,0,0,0,0,0,0,0,2,0,0,0,0,0,0,0,0,0,1,0,4
AT5G54100.1,WT,29,29,1,0,0,0,0,0,0,0,0,0,0,0,0,0,0,0,0,0,0,0,0,0,0,0,0,0
AT5G54100.1,lon1-1,111,90,23,5,1,1,0,0,0,0,0,0,0,0,0,0,0,0,0,0,0,0,0,0,0,0,0,0
AT5G54580.1,WT,1,0,0,0,0,0,0,0,0,0,0,0,0,0,0,0,0,0,0,0,0,0,0,0,0,0,0,0
AT5G54580.1,lon1-1,8,0,0,0,0,0,0,0,0,0,0,0,0,0,0,0,0,0,0,0,0,0,0,0,0,0,0,0
AT5G55070.1,WT,129,11,7,3,1,0,0,2,5,0,1,0,6,0,0,4,0,0,0,0,0,0,0,0,0,0,0,0
AT5G55070.1,lon1-1,148,5,1,4,0,0,0,0,0,0,0,0,1,0,0,1,0,0,0,0,0,0,0,0,0,0,0,0
"AT5G55125.1,AT5G55125.2",WT,4,0,0,0,0,0,0,0,0,0,0,0,0,0,0,0,0,0,0,0,0,0,0,0,0,0,0,0
"AT5G55125.1,AT5G55125.2",lon1-1,2,0,0,0,0,0,0,0,0,0,0,0,0,0,0,0,0,0,0,0,0,0,0,0,0,0,0,0
AT5G55140.1,WT,10,0,0,0,0,0,0,0,0,0,0,0,0,0,0,0,0,0,0,0,0,0,0,0,0,0,0,0
AT5G55140.1,lon1-1,6,0,0,0,0,0,0,0,0,0,0,0,0,0,0,0,0,0,0,0,0,0,0,0,0,0,0,0
AT5G55200.1,WT,8,0,0,0,0,0,0,0,0,0,0,0,0,0,0,0,0,0,0,0,0,0,0,0,0,0,0,1
AT5G55200.1,lon1-1,26,0,0,0,0,0,0,0,0,0,0,0,0,0,0,0,0,0,0,0,0,0,0,0,0,0,0,2
AT5G55610.1,WT,42,0,0,0,0,0,0,0,0,0,0,0,0,0,0,0,0,0,0,0,0,0,0,0,0,0,0,0
AT5G55610.1,lon1-1,30,0,0,0,0,0,0,0,1,0,1,0,0,0,3,2,0,0,0,0,0,0,0,0,0,0,0,0
AT5G56090.1,WT,2,0,0,0,0,0,0,0,0,0,0,0,0,0,0,0,0,0,0,0,0,0,0,0,0,0,0,0
AT5G56090.1,lon1-1,9,0,0,0,0,0,0,0,0,0,0,0,0,0,0,1,0,0,0,0,0,0,0,0,0,0,0,0
AT5G56940.1,WT,1,0,0,0,0,0,0,0,0,0,0,0,0,0,0,0,0,0,0,0,0,0,0,0,0,0,0,0
AT5G56940.1,lon1-1,0,0,0,0,0,0,0,0,0,0,0,0,0,0,0,0,0,0,0,0,0,0,0,0,0,0,0,0
AT5G57490.1,WT,18,0,0,0,0,0,0,0,5,0,2,0,2,4,6,2,0,0,0,0,0,0,0,0,0,0,0,0
AT5G57490.1,lon1-1,14,0,0,2,0,0,1,3,6,6,3,0,2,5,12,3,0,0,0,0,0,0,0,0,0,0,0,0
AT5G58270.1,WT,19,0,0,0,0,0,0,0,0,0,6,9,2,0,0,0,0,0,0,0,0,0,0,0,0,0,0,0
AT5G58270.1,lon1-1,5,0,0,0,0,0,0,0,0,1,21,7,0,0,0,0,0,0,0,0,0,0,0,0,0,0,0,0
AT5G60730.1,WT,1,0,0,0,0,0,0,0,0,0,0,0,0,0,0,0,0,0,0,0,0,0,0,0,0,0,0,0
AT5G60730.1,lon1-1,6,0,0,0,0,0,0,0,0,0,0,0,0,0,0,0,0,0,0,0,0,0,0,0,0,0,0,0
AT5G60960.1,WT,9,0,0,0,0,0,0,0,0,0,0,0,0,0,0,0,0,0,0,0,0,0,0,0,0,0,0,0
AT5G60960.1,lon1-1,8,0,0,0,0,0,0,0,0,0,0,0,0,0,0,0,0,0,0,0,0,0,0,0,0,0,0,0
AT5G61030.1,WT,6,0,0,0,0,0,0,0,0,0,0,0,0,0,0,0,0,0,0,0,0,0,0,0,0,0,0,1
AT5G61030.1,lon1-1,26,0,0,0,0,0,0,0,0,0,0,0,0,0,0,0,0,0,0,0,0,0,0,0,0,0,0,1
AT5G61220.1,WT,11,0,0,0,0,0,0,0,0,0,0,0,0,0,0,0,0,0,0,0,0,0,0,0,0,0,0,0
AT5G61220.1,lon1-1,11,0,0,0,0,0,0,0,0,0,0,0,0,0,0,0,0,0,0,0,0,0,0,0,0,0,0,0
"AT5G62270.1,AT5G62270.2",WT,2,0,0,0,0,0,0,0,0,0,0,0,0,0,0,0,0,0,0,0,0,0,0,0,0,0,0,0
"AT5G62270.1,AT5G62270.2",lon1-1,3,0,0,0,0,0,0,0,0,0,0,0,0,0,0,0,0,0,0,0,0,0,0,0,0,0,0,0
AT5G62530.1,WT,88,0,0,0,0,0,0,4,17,16,38,42,75,0,0,0,0,2,8,10,19,37,52,86,239,0,0,0
AT5G62530.1,lon1-1,101,1,3,18,8,10,13,22,43,49,45,46,99,0,0,0,0,2,11,13,20,38,56,83,218,0,0,0
"AT5G62575.1,AT5G62575.2",WT,5,0,0,0,0,0,0,0,0,0,0,0,1,0,0,0,0,0,0,0,0,0,0,0,0,0,0,0
"AT5G62575.1,AT5G62575.2",lon1-1,8,0,0,0,0,0,0,0,1,0,1,1,1,0,2,7,0,0,0,0,0,0,0,0,0,0,0,0
AT5G63400.1,WT,134,0,0,0,0,0,0,0,0,0,0,0,0,1,3,7,0,0,0,0,0,0,0,0,0,1,1,5
AT5G63400.1,lon1-1,121,0,0,0,0,0,0,0,1,2,1,0,0,2,3,10,0,0,0,0,0,0,0,0,0,0,2,1
"AT5G63510.1,AT5G63510.2",WT,53,21,36,31,11,2,2,2,1,0,1,0,0,0,0,1,0,0,0,0,0,0,0,0,0,0,0,0
"AT5G63510.1,AT5G63510.2",lon1-1,38,20,28,24,12,2,6,0,0,0,2,0,0,2,5,2,0,0,0,0,0,0,0,0,0,0,0,0
AT5G64050.1,WT,2,0,0,0,0,0,0,0,0,0,0,0,0,0,0,0,0,0,0,0,0,0,0,1,0,0,1,1
AT5G64050.1,lon1-1,2,0,0,0,0,0,0,0,0,0,0,0,0,0,0,1,0,0,0,0,0,0,0,0,1,1,1,3
AT5G65720.1,WT,49,0,0,0,0,0,0,0,0,0,2,1,6,2,3,5,2,3,2,4,8,16,17,20,35,47,22,26
AT5G65720.1,lon1-1,55,0,0,0,0,0,0,0,8,13,13,2,10,7,8,5,0,1,3,4,8,10,9,18,20,48,30,30
AT5G65750.1,WT,116,0,0,1,0,1,2,7,24,15,24,12,25,22,3,0,0,5,3,4,9,15,12,15,5,19,18,0
AT5G65750.1,lon1-1,98,0,0,1,0,0,0,0,8,10,18,6,14,13,0,0,0,1,2,1,2,8,8,8,1,16,13,0
AT5G66760.1,WT,160,0,0,0,0,0,0,2,7,7,16,26,23,17,37,53,1,1,1,0,3,4,6,7,12,8,17,17
AT5G66760.1,lon1-1,153,4,2,6,6,6,4,15,22,35,43,33,36,35,55,63,0,1,3,1,4,7,8,12,12,17,18,28
AT5G66860.1,WT,7,0,0,0,0,0,0,0,0,0,0,0,0,0,0,0,0,0,0,0,0,0,0,0,0,0,0,0
AT5G66860.1,lon1-1,13,0,0,0,0,0,0,0,0,0,0,0,0,0,0,0,0,0,0,0,0,0,0,0,0,0,0,0
AT5G67590.1,WT,13,0,1,2,0,0,0,0,0,0,0,0,0,0,0,0,0,0,0,0,0,0,0,0,0,0,0,0
AT5G67590.1,lon1-1,4,0,1,0,0,0,0,0,0,0,0,0,0,0,0,0,0,0,0,0,0,0,0,0,0,0,0,0
"ATMG00060.1,ATMG00513.1,ATMG00665.1",WT,15,10,19,19,3,0,0,0,0,0,0,0,0,0,0,0,0,0,0,0,0,0,0,0,0,0,0,0
"ATMG00060.1,ATMG00513.1,ATMG00665.1",lon1-1,4,4,10,13,2,0,0,0,0,0,0,0,0,0,0,0,0,0,0,0,0,0,0,0,0,0,0,0
ATMG00070.1,WT,41,25,34,36,10,0,0,0,1,0,1,0,1,3,9,3,2,0,0,1,0,0,0,1,0,0,1,1
ATMG00070.1,lon1-1,32,19,29,23,1,2,0,0,0,0,0,0,0,1,6,2,0,0,0,0,0,0,0,0,0,0,0,1
ATMG00090.1,WT,5,0,0,0,0,0,0,0,0,0,0,0,0,0,0,0,0,0,0,0,0,0,0,0,0,0,0,0
ATMG00090.1,lon1-1,2,0,0,0,0,0,0,0,0,0,0,0,0,0,0,0,0,0,0,0,0,0,0,0,0,0,0,0
ATMG00160.1,WT,21,1,6,1,3,1,1,5,10,11,7,1,2,1,1,0,0,0,0,0,0,0,1,0,0,0,0,0
ATMG00160.1,lon1-1,16,1,1,3,3,0,1,6,6,8,8,0,0,0,0,0,0,0,0,0,0,0,0,0,0,0,0,0
"ATMG00285.1,ATMG01320.1",WT,30,3,9,11,4,0,1,0,1,0,0,0,0,0,0,0,0,0,0,0,0,0,0,0,0,0,0,0
"ATMG00285.1,ATMG01320.1",lon1-1,17,4,8,5,2,0,1,0,0,0,0,0,0,0,0,0,0,0,0,0,0,0,0,0,0,0,0,0
ATMG00510.1,WT,23,15,24,24,7,0,0,0,0,0,0,0,2,2,9,7,1,0,0,0,1,0,0,0,0,1,1,0
ATMG00510.1,lon1-1,15,12,16,15,2,1,0,0,0,0,0,0,0,3,5,1,0,0,0,0,0,0,0,0,0,0,0,0
"ATMG00516.1,ATMG01120.1,ATMG01275.1",WT,25,5,10,12,3,0,0,0,0,0,0,0,0,0,0,0,0,0,0,0,0,0,0,0,0,0,0,0
"ATMG00516.1,ATMG01120.1,ATMG01275.1",lon1-1,15,2,9,8,2,0,0,0,0,0,0,0,0,0,0,0,0,0,0,0,0,0,0,0,0,0,0,0
ATMG00640.1,WT,21,7,8,11,12,24,14,13,11,6,8,1,0,0,0,0,0,1,0,0,1,0,0,0,0,0,0,0
ATMG00640.1,lon1-1,17,4,5,12,13,23,13,15,9,16,12,1,1,0,0,0,0,0,0,0,0,0,0,0,0,0,0,0
,414 Mito Proteins,40626,65375,,,,,,,,,,,,,,,61395,,,,,,,,,,,
,"94 Mito Proteins (WT vs lon1-1, p<0.05)",22258,44197,68%,,,,,,,,,,,,,,37651,61%,,,,,,,,,,
,ETC,6109,15609,24%,,,,,,,,,,,,,,1497,2%,,,,,,,,,,
,TCA,3877,5996,9%,,,,,,,,,,,,,,14052,23%,,,,,,,,,,
,Group3,2717,5542,8%,,,,,,,,,,,,,,5878,10%,,,,,,,,,,
