"","ID","name","clp1p__vs_wtp__p.adj","clp2p__vs_wtp__p.adj","clp1p__vs_wtp__ratio","clp2p__vs_wtp__ratio","clp1s__vs_wts__p.adj","clp2s__vs_wts__p.adj","clp1s__vs_wts__ratio","clp2s__vs_wts__ratio"
"1","AT4G15640.2"," adenylyl cyclase .1",2.72e-05,0.117,2.66,2.35,3.84e-05,0.241,2.25,1.23
"2","AT2G44525.1"," NADH dehydrogenase ubiquinone 1 alpha subcomplex assembly factor-like protein (DUF498/DUF598) ",0.0539,0.389,0.884,0.96,0.164,0.674,0.593,-0.338
"3","AT2G44525.1"," NADH dehydrogenase ubiquinone 1 alpha subcomplex assembly factor-like protein (DUF498/DUF598) .1",0.0966,0.464,0.77,0.846,0.505,0.671,-0.355,-0.335
"4","AT3G51010.1"," protein translocase subunit ",0.785,0.816,-0.112,-0.646,0.0292,0.844,1.99,0.0934
"5","AT3G23450.4"," transmembrane protein .5",0.68,0.879,-0.416,-0.0203,0.0333,0.212,1.61,1.51
"6","AT3G62790.1","15 kDa.1",0.736,0.819,-0.199,-0.381,0.0936,0.727,-0.988,-0.396
"7","AT5G65750.1","2-oxoglutarate dehydrogenase, E1 component.1",0.0893,0.865,0.326,0.0358,0.357,0.275,-0.184,-0.29
"8","AT4G02580.1","24 kDa",4.74e-14,7.91e-06,1.91,1.92,0.00417,0.0495,0.694,0.717
"9","AT1G20510.1","4CLL5",0.00702,0.0135,-0.861,-1.4,0.746,0.794,-0.122,-0.123
"10","AT4G05160.1","4CLL7",0.0703,0.838,-0.946,-0.226,0.831,0.825,0.0236,0.107
"11","AT5G08530.1","51 kDa",1.6e-07,0.0044,3.64,3.89,0.546,0.695,0.626,0.587
"12","AT5G37510.1","75 kDa",4.41e-08,0.00304,2.8,2.96,0.654,0.743,0.353,0.346
"13","AT5G60390.3","A3",0.0124,0.274,-1.67,-1.76,0.701,0.748,-0.327,-0.376
"14","AT5G60390.3","A3.1",0.0157,0.142,-1.52,-1.96,0.684,0.735,-0.327,-0.376
"15","AT5G60390.3","A3.3",0.000387,0.327,-2.03,-1.49,0.685,0.735,-0.327,-0.376
"16","AT3G08580.2","AAC1",0.049,0.351,-1.59,-1.79,0.766,0.764,-0.242,-0.387
"17","AT1G06460.1","ACD32.1",0.756,0.595,-0.151,-0.982,0.558,0.0517,-0.473,-1.53
"18","AT4G26970.1","ACO3",0.0192,0.369,-0.39,-0.373,0.0938,0.304,-0.258,-0.258
"19","AT2G37250.1","ADK",2.67e-08,0.0051,2.18,2.18,2.97e-14,7.56e-13,2.82,3
"20","AT5G63400.1","ADK1.1",5.88e-05,0.186,-0.721,-0.595,0.809,0.844,-0.0315,-0.0183
"21","AT5G50370.1","ADK2.1",0.00786,0.809,-1.49,-0.383,0.811,0.818,-0.0833,0.147
"22","AT4G29010.1","AIM1",0.0383,0.858,-1.34,0.171,0.787,0.855,0.151,-0.00231
"23","AT5G62530.1","ALDH12A1",0.503,0.861,-0.151,-0.042,0.0274,0.17,-0.336,-0.33
"24","AT3G48000.1","ALDH2B4",0.643,0.854,-0.102,-0.0546,0.0197,0.1,-0.353,-0.375
"25","AT3G52930.1","Aldolase superfamily protein.1",0.421,0.686,-0.811,-0.984,0.000861,0.503,-2.1,-0.901
"26","AT2G38280.2","AMPD",0.0251,0.0116,-0.665,-1.27,0.834,0.825,0.00974,0.0632
"27","AT4G08870.2","ARGAH2",0.247,0.154,0.588,1.34,0.0691,0.201,-0.724,-0.79
"28","AT3G62530.1","ARM repeat superfamily protein.1",0.0608,0.574,0.376,0.31,0.000788,0.00986,0.505,0.558
"29","AT5G08690.1","ATP synthase alpha/beta family protein",5.82e-11,6.1e-05,1.39,1.52,0.0693,0.373,0.426,0.357
"30","AT5G08690.1","ATP synthase subunit beta-2, mitochondrial",5.82e-11,6.1e-05,1.39,1.52,0.0693,0.373,0.426,0.357
"31","AT5G08690.1","ATP synthase subunit beta-3, mitochondrial",5.82e-11,6.1e-05,1.39,1.52,0.0693,0.373,0.426,0.357
"32","AT5G40660.1","ATP12 protein-related",0.0162,0.291,1.38,1.45,0.114,0.824,-0.853,-0.127
"33","AT2G33040.1","ATPC",0.0539,0.337,1.63,1.89,0.53,0.823,0.639,0.185
"34","AT3G12260.1","B14",4.74e-14,7.79e-14,3.6,3.81,0.294,0.601,0.424,0.357
"35","AT2G33220.1","B16.6/GRIM-19",0.0195,0.29,-1.18,-1.27,0.82,0.829,-0.0522,-0.0967
"36","AT4G34700.1","B22",0.0601,0.787,-0.8,-0.321,0.781,0.802,-0.105,-0.135
"37","AT5G47890.1","B8",0.000112,0.321,2.9,2.01,0.117,0.398,1.24,1.11
"38","AT5G62270.1","BEST Arabidopsis thaliana protein match is: mucin-related (TAIR:AT2G02880.1)",0.000348,0.385,0.657,0.446,0.00227,0.0869,0.501,0.447
"39","AT2G43360.1","BIO2",3.46e-07,0.0244,2.2,2.03,1.57e-06,0.00332,1.8,1.64
"40","AT1G47260.1","CA2",0.0791,0.278,-1.77,-2.44,0.824,0.846,-0.0778,-0.0731
"41","AT5G66510.1","CA3",0.0833,0.44,-1.54,-1.7,0.805,0.802,-0.141,-0.283
"42","AT5G35360.1","CAC2",0.523,0.443,-0.288,-0.698,0.046,0.824,-0.616,-0.0761
"43","AT4G35090.1","CAT2",0.254,0.779,-0.32,0.201,0.33,0.0831,0.257,0.536
"44","AT5G20080.1","CBR2",0.00011,0.0717,-0.705,-0.721,0.723,0.809,-0.0883,-0.0614
"45","AT1G65930.1","CICDH",0.483,0.733,-0.342,-0.397,1.58e-05,0.757,-1.22,-0.197
"46","AT5G50920.1","CLPC1",0.766,0.693,-0.14,-0.866,0.0964,0.402,-1.11,-0.938
"47","AT5G23140.1","CLPP2",4.74e-14,7.79e-14,-5.45,-5.33,2.97e-14,5.04e-14,-4.94,-5.65
"48","AT5G53350.1","CLPX",1.72e-08,0.00905,0.845,0.791,1.21e-08,1.01e-07,0.722,0.892
"49","AT5G55200.1","Co-chaperone GrpE family protein",0.00239,0.144,0.656,0.714,0.00314,0.0347,0.554,0.587
"50","AT1G71310.2","cobalt ion binding",0.337,0.877,0.555,-0.024,0.0792,0.606,-0.774,-0.446
"51","AT1G22450.1","COX6B-1",0.0161,0.152,-1.06,-1.35,0.574,0.821,-0.318,0.104
"52","AT2G44350.4","CSY4",0.0367,0.366,-0.366,-0.385,0.0108,0.356,-0.368,-0.244
"53","AT3G27240.1","CYC11",0.0411,0.012,-1.6,-3.27,0.824,0.85,0.0639,-0.0351
"54","AT3G61440.1","CYSC1",0.151,0.319,-0.285,-0.429,0.0732,0.00294,-0.293,-0.583
"55","AT4G36400.2","D2HGDH",0.711,0.847,-0.152,-0.145,0.0551,0.831,-0.664,-0.0678
"56","AT1G48320.1","DHNAT1",0.752,0.799,0.192,-0.553,0.0988,0.768,-1.17,0.367
"57","AT3G13930.1","Dihydrolipoyllysine-residue acetyltransferase component 2 of pyruvate dehydrogenase complex, mitochondrial",0.467,0.797,-0.16,-0.126,0.0215,0.153,-0.341,-0.335
"58","AT5G19760.1","DTC",0.0111,0.171,-2.79,-3.35,0.81,0.823,-0.165,-0.253
"59","AT2G34590.1","E1-BETA-2",0.0782,0.294,-0.9,-1.21,0.578,0.673,-0.343,-0.372
"60","AT4G11120.1","EFTS",0.0014,0.188,0.552,0.545,0.00185,0.471,0.467,0.221
"61","AT2G31060.2","elongation factor family protein",0.0191,0.44,0.485,0.419,1.26e-05,0.00195,0.673,0.691
"62","AT3G49240.1","EMB1796",0.0223,0.3,0.696,0.75,0.8,0.331,-0.0574,0.45
"63","AT5G14780.3","FDH1",0.174,0.626,-0.329,-0.306,0.0639,0.00603,-0.362,-0.66
"64","AT1G42970.1","GAPB",0.382,0.449,-0.541,-1,0.0154,0.808,1.04,-0.154
"65","AT1G13440.1","GAPC1",0.0638,0.298,-1.64,-2.1,0.829,0.83,-0.0483,-0.152
"66","AT1G13440.1","GAPC2",0.0306,0.411,-1.82,-1.75,0.829,0.83,-0.0483,-0.152
"67","AT3G25660.1","GATA",0.278,0.661,0.426,0.439,0.00661,0.725,0.753,0.211
"68","AT1G11860.2","GDCST",0.0222,0.399,-0.416,-0.389,0.0872,0.316,-0.285,-0.275
"69","AT2G35370.1","GDH1",0.0651,0.41,-0.581,-0.635,0.813,0.842,-0.0405,0.032
"70","AT2G35120.1","GDH2",0.109,0.264,-0.327,-0.495,0.0463,0.0693,-0.335,-0.432
"71","AT5G07440.2","GDH2.1",0.684,0.643,-0.199,0.571,0.148,0.0274,-0.579,-1.1
"72","AT5G48030.1","GFA2",2.63e-05,0.0553,1.75,1.72,0.000499,0.0107,1.29,1.37
"73","AT1G70580.4","GGAT2",0.788,0.868,0.0506,0.0926,0.082,0.658,0.861,-0.437
"74","AT4G33010.1","GLDP1",0.00766,0.408,0.474,0.391,0.00383,0.0892,0.433,0.402
"75","AT2G26080.1","GLDP2",0.000596,0.274,0.605,0.503,0.000181,0.0816,0.558,0.432
"76","AT1G54000.1","GLL22",0.701,0.746,-0.18,-0.42,0.192,0.0268,-0.543,-1.12
"77","AT1G54010.1","GLL23",0.0615,0.505,-1.87,-1.76,0.805,0.703,-0.163,-0.66
"78","AT5G63620.2","GroES-like zinc-binding alcohol dehydrogenase family protein.2",0.562,0.807,-0.378,-0.338,0.665,1.48e-05,-0.278,-2.13
"79","AT1G10270.1","GRP23",0.00621,0.255,1.39,1.41,1.67e-11,2.59e-06,2.48,2.4
"80","AT2G20270.1","GRXS12",0.635,0.867,-0.263,-0.0801,0.0467,0.806,-0.778,0.138
"81","AT5G46160.2","HLP",0.736,0.829,-0.16,-0.268,0.0241,0.533,1.01,0.551
"82","AT5G51440.1","HSP23.5",0.265,0.656,0.974,0.993,0.00447,0.00799,1.74,2.23
"83","AT4G37910.2","HSP70-9",5.47e-05,0.0135,0.565,0.669,3.1e-06,0.000559,0.546,0.572
"84","AT3G07770.3","Hsp89.1",0.072,0.374,0.287,0.335,0.248,0.594,0.178,0.143
"85","AT1G53645.1","hydroxyproline-rich glycoprotein family protein",0.173,0.863,0.254,-0.0367,0.0412,0.0961,0.302,0.358
"86","AT1G24180.1","IAR4",0.281,0.541,-0.208,-0.285,0.00399,0.0285,-0.387,-0.431
"87","AT3G21720.1","ICL",0.742,0.127,0.0961,1.06,0.417,0.0103,0.315,0.967
"88","AT2G17130.2","IDH2",0.354,0.798,-0.256,-0.166,0.0565,0.488,-0.39,-0.262
"89","AT5G03290.1","IDH5",0.487,0.793,-0.158,-0.134,0.0464,0.0785,-0.312,-0.393
"90","AT3G09810.1","IDH6",0.344,0.737,-0.236,-0.213,0.0112,0.0335,-0.442,-0.529
"91","AT3G45300.1","IVD",0.782,0.874,0.0855,-0.0638,0.597,0.0426,-0.484,-1.76
"92","AT4G21020.1","Late embryogenesis abundant protein (LEA) family protein",7.61e-08,0.0134,1.99,1.85,0.000809,0.0781,1.16,0.987
"93","AT1G65540.3","LETM1-like protein",0.00816,0.196,-0.812,-0.917,0.749,0.842,-0.114,-0.0338
"94","AT2G05100.1","LHCB2.1",0.605,0.83,0.618,-0.481,0.00131,0.553,2.37,0.955
"95","AT2G05100.1","LHCB2.2",0.477,0.869,-0.871,-0.151,0.00431,0.387,2.22,1.28
"96","AT2G05100.1","LHCB2.4",0.743,0.877,0.327,0.0632,0.000307,0.255,3.19,1.89
"97","AT4G10340.1","LHCB5",0.0821,0.695,-1.48,-0.958,0.812,0.472,-0.113,-0.944
"98","AT5G26860.1","LON1",0.775,0.823,0.0322,0.118,0.0327,0.717,-0.392,-0.136
"99","AT3G17240.3","LPD2",0.238,0.701,-0.284,-0.244,0.0162,0.000529,-0.429,-0.753
"100","AT3G52200.1","LTA3",0.479,0.709,-0.156,-0.196,0.12,0.0852,-0.25,-0.378
"101","AT1G03090.2","MCCA",0.601,0.726,-0.259,-0.413,0.205,0.032,-0.48,-0.985
"102","AT1G04410.1","MDH1",0.723,0.612,-0.196,-0.813,0.02,0.327,1.1,0.821
"103","AT5G02500.1","MED37D",0.0813,0.864,-0.871,-0.0977,0.719,0.842,-0.206,-0.0486
"104","AT2G45030.1","MEFG2",0.000499,0.0542,2,2.3,2.97e-14,3.21e-12,4.05,3.96
"105","AT2G21870.1","MGP1",0.034,0.612,-1.54,-1.05,0.837,0.854,0.0113,0.00979
"106","AT1G16870.1","mitochondrial 28S ribosomal protein S29-related",0.037,0.692,0.82,0.464,0.2,0.473,0.487,0.453
"107","AT5G03860.2","MLS",0.769,0.417,0.169,1.92,0.53,0.0263,0.724,2.43
"108","AT3G15020.1","mMDH2",0.793,0.876,-0.0716,0.0741,0.0411,0.609,-2.01,-1.02
"109","AT2G35240.1","MORF6",0.0431,0.556,1.59,1.28,0.688,0.819,0.389,0.191
"110","AT3G15000.1","MORF8",0.00797,0.131,0.588,0.727,5.19e-11,7.19e-05,1.05,0.916
"111","AT3G16480.1","MPPA2",2.28e-08,0.0222,0.915,0.78,0.38,0.792,0.193,0.0745
"112","AT3G02090.1","MPPBETA",0.0335,0.351,0.521,0.551,0.675,0.777,0.129,0.107
"113","AT2G13560.1","NAD-ME1",0.17,0.54,-0.242,-0.274,0.00576,0.0659,-0.359,-0.365
"114","AT4G00570.1","NAD-ME2",0.636,0.768,-0.0995,-0.148,0.0324,0.202,-0.313,-0.299
"115","AT3G26770.1","NAD(P)-binding Rossmann-fold superfamily protein.1",0.128,0.621,-0.329,-0.284,0.0936,0.594,-0.307,-0.188
"116","AT1G79750.1","NADP-ME4",0.792,0.76,0.0155,0.208,0.0328,0.406,-0.419,-0.288
"117","AT4G11010.1","NDPK3",0.00267,0.106,-0.709,-0.83,0.783,0.855,-0.0635,-0.00231
"118","AT1G25380.2","NDT2",0.773,0.809,0.134,-0.535,0.0962,0.512,-1.25,-0.896
"119","AT4G00585.1","NDU10/KFYI",0.0334,0.512,-0.975,-0.82,0.766,0.806,-0.139,-0.141
"120","AT1G31817.1","NFD3",0.00261,0.402,1.01,0.767,0.107,0.386,0.539,0.482
"121","AT1G19520.1","NFD5",0.000117,0.282,0.782,0.585,0.000546,0.00441,0.62,0.719
"122","AT2G15620.1","NIR1",0.768,0.561,-0.0848,-0.751,0.0176,0.666,0.916,0.355
"123","AT3G59760.3","OASC",0.222,0.709,-1.33,-1.09,0.0964,0.282,-1.46,-1.52
"124","AT2G28900.1","OEP161",0.0615,0.793,-0.895,-0.347,0.809,0.814,-0.0704,-0.125
"125","AT3G19740.1","P-loop containing nucleoside triphosphate hydrolases superfamily protein.2",0.719,0.873,-0.259,0.0756,0.0478,0.504,1.24,0.787
"126","AT2G33150.1","PED1",0.256,0.875,-0.457,0.0298,0.541,0.0491,0.266,0.837
"127","AT1G26460.1","Pentatricopeptide repeat-containing protein At1g26460, mitochondrial",0.00624,0.144,0.492,0.58,0.486,0.335,0.159,0.276
"128","AT1G55890.1","Pentatricopeptide repeat-containing protein At1g55890, mitochondrial",0.0835,0.662,1.22,0.868,0.0177,0.395,1.35,0.877
"129","AT1G60770.1","Pentatricopeptide repeat-containing protein At1g60770",0.503,0.873,-0.469,-0.0564,0.057,0.436,0.924,0.669
"130","AT2G37230.1","Pentatricopeptide repeat-containing protein At2g37230",0.804,0.808,-0.00117,-0.197,0.0525,0.292,0.512,0.463
"131","AT3G02650.1","Pentatricopeptide repeat-containing protein At3g02650, mitochondrial",2.81e-06,0.131,0.87,0.683,6.42e-07,0.000189,0.783,0.823
"132","AT4G35850.1","Pentatricopeptide repeat-containing protein At4g35850, mitochondrial",0.0766,0.28,0.421,0.575,0.0666,0.572,0.373,0.223
"133","AT4G36680.1","Pentatricopeptide repeat-containing protein At4g36680, mitochondrial",0.0951,0.88,0.354,-0.00297,8.6e-05,0.0268,0.589,0.52
"134","AT5G15980.1","Pentatricopeptide repeat-containing protein At5g15980, mitochondrial",0.0899,0.699,0.73,0.475,0.068,0.795,0.666,0.148
"135","AT5G18800.2","PGIV.1",0.0245,0.728,-1.04,-0.489,0.825,0.832,-0.0363,-0.0785
"136","AT1G03860.3","PHB2",0.0709,0.233,-1.69,-2.43,0.834,0.839,0.0294,0.111
"137","AT5G60960.1","PNM1",0.000198,0.204,1.19,1.02,4.01e-11,1.36e-08,1.65,1.89
"138","AT5G14580.1","PNP2",0.799,0.544,0.0141,0.783,0.00426,0.124,1.06,0.928
"139","AT3G22200.2","POP2",0.0264,0.131,-0.462,-0.652,0.0631,0.122,-0.346,-0.421
"140","AT1G61870.1","PPR336",7.79e-08,0.00795,1.46,1.45,0.504,0.848,0.266,0.0198
"141","AT1G80270.5","PPR596",0.00631,0.139,1.13,1.34,0.0557,0.188,0.739,0.791
"142","AT3G19170.1","PREP1",2.33e-05,0.0258,0.799,0.849,1.24e-13,1.63e-06,1.1,0.993
"143","AT1G51980.1","Probable mitochondrial-processing peptidase subunit alpha-1",0.0314,0.235,0.717,0.899,0.713,0.712,0.149,0.218
"144","AT5G66720.2","Probable protein phosphatase 2C 80",0.795,0.663,-0.0284,-0.646,0.0701,0.388,-0.815,-0.664
"145","AT4G02770.1","PSAD1",0.758,0.832,0.163,0.362,0.0694,0.559,1.19,0.735
"146","AT4G02770.1","PSAD2",0.674,0.86,0.343,-0.171,0.0474,0.513,1.21,0.754
"147","AT1G31330.1","PSAF",0.796,0.862,-0.0578,-0.263,0.0651,0.828,1.92,-0.224
"148","AT4G21280.1","PSBQ1",0.199,0.221,-0.642,-1.23,0.814,0.065,0.0569,-1.02
"149","AT5G59840.1","RABE1D",0.064,0.767,-0.977,-0.45,0.459,0.784,-0.446,-0.209
"150","AT5G59840.1","Ras-related small GTP-binding family protein",0.0771,0.266,-0.73,-1.02,0.657,0.854,-0.223,0.00549
"151","ATCG00490.1","RBCL",0.0532,0.22,-0.503,-0.699,0.811,0.466,0.0354,-0.298
"152","AT5G38410.1","RBCS-1B",0.0484,0.692,-2.6,-1.53,0.798,0.847,-0.253,-0.085
"153","AT5G38410.1","RBCS-2B",0.0382,0.668,-2.31,-1.41,0.355,0.496,-1.12,-1.24
"154","AT5G38410.1","RBCS-3B",0.0754,0.614,-2.55,-1.99,0.834,0.827,0.0421,-0.27
"155","AT5G61030.2","RBG3",0.65,0.85,0.408,0.252,8.02e-05,0.0516,2.17,1.74
"156","AT4G09730.1","RH39",0.631,0.81,0.313,0.337,1.4e-05,0.00421,1.66,1.62
"157","AT3G22330.1","RH53",0.000553,0.204,1.54,1.41,9.17e-07,0.000834,1.77,1.73
"158","AT3G22310.1","RH9",5.56e-11,0.0103,2.15,1.74,2.97e-14,5.04e-14,3.72,3.76
"159","AT5G64670.1","Ribosomal protein L18e/L15 superfamily protein",0.000611,0.0428,1.07,1.29,2.97e-14,5.04e-14,2.58,2.65
"160","AT2G44065.3","Ribosomal protein L2 family",0.743,0.822,0.142,-0.285,5.99e-05,0.0051,1.5,1.54
"161","AT4G39880.1","Ribosomal protein L23/L15e family protein",0.795,0.569,-0.0281,-0.85,0.0956,0.439,0.801,0.641
"162","AT5G66860.1","Ribosomal protein L25/Gln-tRNA synthetase, anti-codon-binding domain.1",0.0293,0.441,0.841,0.77,0.377,0.762,0.38,0.191
"163","AT2G20060.1","Ribosomal protein L4/L1 family",0.783,0.83,-0.0697,-0.316,0.0969,0.824,0.934,0.133
"164","AT1G70190.2","Ribosomal protein L7/L12, oligomerisation",0.0526,0.419,0.708,0.733,0.018,0.0312,0.713,0.908
"165","AT1G07210.1","Ribosomal protein S18",0.0343,0.786,1.08,0.401,0.23,0.468,0.605,0.594
"166","AT5G02740.1","Ribosomal protein S24e family protein",0.0247,0.259,1.67,1.95,0.746,0.469,-0.27,0.87
"167","AT3G49080.1","Ribosomal protein S5 domain 2-like superfamily protein",0.0263,0.599,1.29,0.878,0.628,0.555,0.361,0.592
"168","AT1G64880.1","Ribosomal protein S5 family protein",0.0042,0.318,1.58,1.39,0.00758,0.0319,1.29,1.49
"169","AT5G54580.1","RNA-binding (RRM/RBD/RNP motifs) family protein",0.394,0.754,-0.619,-0.561,0.0445,0.209,1.05,1.04
"170","AT4G30930.1","RPL21M",1.52e-05,0.0403,1.99,1.98,0.0369,0.0992,0.969,1.12
"171","AT5G18380.2","RPS16C",0.757,0.773,0.158,-0.59,0.839,0.0655,-0.00246,-1.58
"172","AT3G10610.1","RPS17A",0.763,0.865,0.195,0.186,0.491,0.0244,-0.785,-2.48
"173","AT3G10610.1","RPS17B",0.711,0.801,-0.343,-0.619,0.486,0.0397,-0.736,-2.16
"174","AT3G10610.1","RPS17C",0.684,0.862,-0.488,-0.244,0.432,0.052,-0.95,-2.46
"175","AT3G10610.1","RPS17D",0.262,0.711,-0.991,-0.861,0.654,0.00854,-0.44,-2.25
"176","AT3G13110.1","SAT3",0.293,0.692,0.764,0.746,0.0166,0.695,1.27,0.442
"177","AT5G66760.1","SDH1-1",0.0909,0.525,-0.331,-0.326,0.279,0.494,-0.208,-0.209
"178","AT3G47833.1","SDH7A",0.802,0.826,0.0245,-0.863,0.037,0.208,-2.92,-2.81
"179","AT5G51040.2","SDHAF2",0.734,0.871,-0.31,-0.129,0.836,0.0878,0.0193,-2.12
"180","AT4G05530.1","SDRA",0.00387,0.0263,-1.59,-2.28,0.832,0.848,0.0241,-0.0352
"181","AT5G26780.4","SHM2",0.144,0.638,0.348,0.299,0.0471,0.321,0.384,0.326
"182","AT2G20420.1","Succinyl-CoA ligase [ADP-forming] subunit beta, mitochondrial",0.0533,0.494,-0.343,-0.32,0.095,0.455,-0.264,-0.206
"183","AT5G14590.1","T15N1_80",0.673,0.786,-0.167,-0.264,0.0162,0.266,-0.679,-0.541
"184","AT1G61570.1","TIM13",0.00153,0.0818,-0.6,-0.703,0.816,0.854,0.0244,-0.00259
"185","AT2G37410.2","TIM17-2",0.643,0.805,0.437,-0.516,0.0868,0.837,1.18,0.106
"186","AT1G72750.1","TIM23-2",0.79,0.871,-0.0602,0.0965,0.0238,0.21,1.41,1.28
"187","AT3G26520.1","TIP1-2",0.752,0.709,0.198,-0.901,0.736,0.0487,-0.312,-1.91
"188","AT3G20000.1","TOM40-1",0.0989,0.838,-0.547,-0.139,0.576,0.272,-0.22,-0.5
"189","AT5G26280.1","TRAF-like family protein.3",0.658,0.857,-0.442,-0.232,0.752,0.0977,-0.285,-1.74
"190","AT3G18760.2","Translation elongation  factor EF1B/ribosomal protein S6 family protein",0.795,0.84,0.0237,0.191,0.0419,0.768,0.783,0.209
"191","AT1G34360.2","translation initiation factor 3 (IF-3) family protein",2.84e-05,0.48,1.52,0.791,0.00402,0.083,0.968,0.916
"192","AT5G51220.2","ubiquinol-cytochrome C chaperone family protein",0.228,0.577,-0.407,-0.473,0.00925,0.0958,0.64,0.632
"193","AT1G15120.1","Ubiquinol-cytochrome C reductase hinge protein",3.96e-05,0.312,-1.63,-1.09,0.666,0.756,-0.25,-0.236
"194","AT3G52730.1","ubiquinol-cytochrome C reductase UQCRX/QCR9-like family protein",0.0634,0.288,-1.31,-1.7,0.839,0.828,-0.00163,-0.131
"195","AT3G01280.1","VDAC1",0.0356,0.517,-1.88,-1.59,0.806,0.697,-0.145,-0.622
"196","AT5G67500.3","VDAC2",0.0093,0.218,-2.89,-3.2,0.82,0.825,-0.117,-0.245
"197","ATMG00480.1","YMF19.1",0.00248,0.159,-1.93,-2.07,0.834,0.812,-0.0195,-0.193
"198","AT1G48570.1","zinc finger (Ran-binding) family protein",0.107,0.0714,0.599,1.2,0.16,0.523,0.466,0.374
"199","AT5G53650.1"," ABC transporter A family protein ",0.74,0.864,-0.303,-0.213,0.834,0.63,-0.032,0.887
"200","AT4G30010.1"," ATP-dependent RNA helicase ",0.789,0.515,0.0341,-0.708,0.827,0.69,-0.0272,-0.284
"201","AT1G79390.1"," centrosomal protein ",0.702,0.869,0.217,0.081,0.704,0.77,-0.243,0.243
"202","AT2G16460.1"," coiled-coil 90B-like protein (DUF1640) ",0.782,0.776,0.0795,-0.549,0.639,0.854,0.393,-0.0097
"203","AT3G17300.3"," COMPLEX 1 LYR-like protein ",0.364,0.812,0.76,0.441,0.678,0.835,-0.365,-0.104
"204","AT3G62400.1"," cytochrome C oxidase subunit ",0.757,0.879,0.236,0.0241,0.809,0.544,0.153,1.06
"205","AT2G31725.1"," FAM136A-like protein (DUF842) ",0.511,0.586,-0.418,-0.772,0.802,0.851,-0.0891,-0.0194
"206","AT3G07568.1"," fanconi anemia group D2 protein ",0.565,0.856,0.453,-0.177,0.482,0.699,-0.515,0.424
"207","AT5G24165.2"," hypothetical protein .15",0.729,0.732,-0.0664,-0.208,0.401,0.761,-0.191,-0.1
"208","AT1G20430.1"," hypothetical protein .2",0.678,0.874,-0.326,-0.0656,0.386,0.601,0.653,0.62
"209","AT1G27435.1"," hypothetical protein .4",0.793,0.857,0.0406,0.177,0.812,0.805,-0.0858,-0.197
"210","AT1G71730.1"," hypothetical protein .6",0.68,0.811,0.447,0.598,0.456,0.618,0.82,0.828
"211","AT3G56430.1"," import inner membrane translocase subunit ",0.557,0.613,-0.623,-1.19,0.517,0.186,-0.653,-1.5
"212","AT3G56430.1"," import inner membrane translocase subunit .1",0.619,0.858,-0.557,-0.238,0.675,0.169,-0.47,-1.66
"213","AT5G55610.1"," isopentenyl-diphosphate delta-isomerase ",0.766,0.611,-0.106,-0.804,0.753,0.724,-0.19,-0.343
"214","AT1G53760.1"," K+-H+ exchange-like protein ",0.274,0.856,-0.878,-0.201,0.676,0.848,0.367,-0.0397
"215","AT5G16660.2"," Low-density receptor-like protein ",0.614,0.756,-0.444,-0.65,0.831,0.775,-0.0328,-0.311
"216","AT2G35900.1"," Mal d 1-associated protein ",0.523,0.627,-0.492,-0.838,0.806,0.749,0.0969,-0.326
"217","AT2G21640.1"," marker for oxidative stress response protein ",0.773,0.796,-0.136,-0.617,0.811,0.701,0.118,0.583
"218","AT4G39690.1"," MICOS complex subunit ",0.36,0.87,-0.47,-0.0588,0.732,0.854,-0.172,0.00554
"219","AT1G22520.1"," MICOS complex subunit Mic10-like protein (DUF543) ",0.487,0.734,-0.468,-0.544,0.815,0.853,-0.0658,0.0133
"220","AT3G28700.2"," NADH dehydrogenase ubiquinone complex I%2C assembly factor-like protein (DUF185) .1",0.404,0.869,0.714,0.105,0.31,0.82,-0.749,-0.167
"221","AT5G13030.1"," selenoprotein O ",0.534,0.798,0.266,0.24,0.13,0.676,0.471,0.251
"222","AT2G33585.1"," subtilisin-like protease ",0.669,0.271,-0.251,-1.27,0.811,0.769,0.069,-0.231
"223","AT5G67490.1"," succinate dehydrogenase assembly factor ",0.697,0.87,0.575,0.188,0.686,0.78,0.676,-0.57
"224","AT3G47630.4"," translocator assembly/maintenance protein ",0.653,0.724,0.368,-0.717,0.821,0.818,0.0644,-0.167
"225","AT1G28540.1"," transmembrane protein ",0.422,0.867,0.489,-0.0882,0.644,0.818,0.29,0.121
"226","AT5G09270.2"," transmembrane protein .10",0.79,0.87,-0.0297,-0.0523,0.754,0.841,-0.128,-0.0409
"227","AT2G35790.1"," transmembrane protein .2",0.779,0.831,-0.109,-0.409,0.807,0.399,-0.13,1.05
"228","AT2G40765.1"," transmembrane protein .3",0.705,0.777,-0.212,-0.432,0.803,0.765,-0.0915,-0.251
"229","AT3G12650.1"," transmembrane protein .4",0.293,0.533,-0.438,-0.624,0.722,0.686,-0.153,0.262
"230","AT4G31830.1"," transmembrane protein .8",0.803,0.743,0.0043,-0.533,0.35,0.777,-0.549,-0.236
"231","AT1G19140.1"," ubiquinone biosynthesis COQ9-like protein ",0.79,0.867,-0.0207,-0.0457,0.69,0.574,0.13,0.255
"232","AT1G55160.1"," WAS/WASL-interacting family protein ",0.743,0.879,0.132,0.0147,0.755,0.841,-0.157,-0.0514
"233","AT3G03070.1","13 kDa",0.733,0.859,0.375,-0.307,0.775,0.705,-0.323,0.796
"234","AT3G62790.1","15 kDa",0.756,0.716,0.175,-0.83,0.123,0.754,-1.08,-0.396
"235","AT5G67590.1","18 kDa",0.748,0.86,-0.219,-0.209,0.395,0.533,0.797,0.874
"236","AT3G55410.2","2-oxoglutarate dehydrogenase, E1 component",0.788,0.811,0.0155,-0.107,0.358,0.553,-0.168,-0.17
"237","AT4G16450.2","20.9 kDa/MNLL",0.571,0.77,-0.624,-0.743,0.82,0.691,0.0854,-0.612
"238","AT3G07480.1","2Fe-2S ferredoxin-like",0.512,0.615,-0.65,-1.11,0.711,0.783,-0.35,-0.322
"239","AT3G15290.1","3-hydroxyacyl-CoA dehydrogenase family protein",0.802,0.59,0.0056,-0.671,0.747,0.813,0.157,0.119
"240","AT4G31810.1","3-hydroxyisobutyryl-CoA hydrolase-like protein 2, mitochondrial",0.312,0.684,1.01,1.05,0.665,0.205,0.473,1.52
"241","AT4G13360.1","3-hydroxyisobutyryl-CoA hydrolase-like protein 3, mitochondrial",0.681,0.714,-0.228,-0.53,0.816,0.664,0.0571,0.375
"242","AT2G43090.1","3-isopropylmalate dehydratase small subunit 3",0.705,0.586,-0.151,-0.574,0.139,0.312,-0.513,-0.555
"243","AT2G45300.3","3-phosphoshikimate 1-carboxyvinyltransferase, chloroplastic",0.673,0.515,-0.2,-0.716,0.397,0.582,-0.384,-0.385
"244","AT2G20360.1","39 kDa",0.475,0.564,-0.39,-0.703,0.752,0.771,-0.15,-0.2
"245","AT5G63380.1","4CLL9",0.802,0.764,-0.0114,-0.577,0.821,0.426,0.0629,-0.796
"246","AT1G64190.1","6-phosphogluconate dehydrogenase, decarboxylating 1, chloroplastic",0.725,0.323,-0.171,-1.16,0.739,0.653,-0.189,-0.4
"247","AT5G41670.4","6-phosphogluconate dehydrogenase, decarboxylating 2, chloroplastic",0.795,0.695,0.0258,-0.548,0.247,0.796,0.542,0.167
"248","AT5G60390.3","A3.2",0.395,0.558,-0.791,-1.26,0.72,0.762,-0.327,-0.376
"249","AT2G18330.1","AAA-type ATPase family protein",0.687,0.281,-0.21,-1.16,0.762,0.833,-0.145,-0.0735
"250","AT5G16930.1","AAA-type ATPase family protein.1",0.582,0.358,-0.284,-0.898,0.79,0.689,-0.0904,0.289
"251","AT5G13490.2","AAC2",0.574,0.634,-1.03,-1.95,0.823,0.828,-0.126,-0.272
"252","AT1G20560.2","AAE1",0.773,0.869,-0.0639,-0.0583,0.783,0.804,0.0991,-0.127
"253","AT3G16910.1","AAE7",0.702,0.587,-0.11,-0.409,0.732,0.777,-0.106,-0.116
"254","AT5G48230.2","AAT1",0.71,0.768,0.185,-0.414,0.804,0.828,-0.0798,0.091
"255","AT5G58270.1","ABCB25",0.775,0.874,-0.0814,0.0516,0.628,0.851,-0.329,0.0183
"256","AT2G05710.1","ACO2.1",0.204,0.601,-0.261,-0.275,0.212,0.402,-0.224,-0.235
"257","AT5G04740.1","ACR12",0.736,0.46,-0.129,-0.815,0.687,0.258,-0.212,-0.684
"258","AT4G16760.1","ACX1",0.139,0.762,-0.467,-0.265,0.77,0.714,-0.0852,-0.19
"259","AT2G35690.1","ACX1.2",0.629,0.874,0.28,-0.0449,0.772,0.611,-0.132,-0.416
"260","AT5G65110.1","ACX2",0.633,0.747,-0.384,-0.627,0.756,0.297,0.216,0.991
"261","AT1G06290.1","ACX3",0.47,0.825,-0.218,0.131,0.681,0.829,-0.124,0.0439
"262","AT3G51840.1","ACX4",0.581,0.79,-0.52,0.563,0.813,0.847,0.0977,0.0473
"263","AT1G77120.1","ADH1",0.144,0.62,-0.441,-0.395,0.66,0.587,-0.155,-0.264
"264","AT5G43940.1","ADH2",0.266,0.78,-1.8,-1.15,0.769,0.832,0.416,0.241
"265","AT4G01100.1","ADNT1",0.79,0.625,0.0317,-0.54,0.77,0.762,-0.113,-0.192
"266","AT4G30490.1","AFG1-like ATPase family protein.2",0.803,0.839,0.00744,0.295,0.77,0.784,0.196,0.276
"267","AT1G76200.1","AGGG",0.743,0.836,-0.253,0.411,0.692,0.349,0.439,1.26
"268","AT2G13360.3","AGT1",0.606,0.805,-0.243,-0.249,0.788,0.341,0.086,-0.531
"269","AT4G39660.2","AGT2",0.405,0.803,-0.522,-0.353,0.419,0.103,-0.473,-1.06
"270","AT1G17290.1","ALAAT1",0.166,0.754,-0.29,-0.18,0.459,0.467,-0.167,-0.223
"271","AT1G72330.1","ALAAT2",0.698,0.808,0.418,-0.642,0.771,0.77,-0.282,0.454
"272","AT3G48170.1","ALDH10A9",0.245,0.788,-0.409,-0.239,0.835,0.733,0.00701,-0.183
"273","AT1G23800.1","ALDH2B7",0.609,0.847,-0.359,-0.207,0.712,0.824,-0.247,0.119
"274","AT1G79440.1","ALDH5F1",0.294,0.703,-0.351,-0.332,0.223,0.212,-0.348,-0.502
"275","AT2G14170.2","ALDH6B2",0.66,0.81,-0.1,-0.121,0.823,0.816,-0.0159,-0.0489
"276","AT5G13420.1","Aldolase-type TIM barrel family protein",0.778,0.845,-0.117,-0.326,0.182,0.375,1.07,1.13
"277","ATMG00290.1","Alpha-L RNA-binding motif/Ribosomal protein S4 family protein",0.347,0.88,0.887,0.0114,0.406,0.239,0.749,1.33
"278","AT1G35720.1","ANN1",0.436,0.815,-0.552,-0.349,0.828,0.681,0.0345,-0.42
"279","AT3G22370.1","AOX1A",0.771,0.875,-0.106,-0.0532,0.398,0.691,0.601,0.45
"280","AT4G35000.1","APX3",0.491,0.726,-0.864,-1.04,0.817,0.808,0.112,0.296
"281","AT4G08390.3","APXS",0.282,0.546,-0.297,-0.404,0.224,0.708,-0.287,-0.16
"282","AT4G26780.1","AR192",0.759,0.734,0.0387,0.181,0.83,0.767,0.00894,0.0841
"283","AT4G24830.1","Argininosuccinate synthase, chloroplastic",0.557,0.88,0.461,-0.00989,0.628,0.844,-0.377,-0.0557
"284","AT2G30970.2","ASP1",0.353,0.777,-0.251,0.188,0.716,0.654,-0.0997,-0.182
"285","AT5G19550.1","ASP2",0.682,0.877,-0.196,0.0229,0.834,0.832,-0.0123,-0.0686
"286","AT5G11520.1","ASP3",0.528,0.881,-0.276,-0.00258,0.828,0.769,0.0211,0.16
"287","AT4G31990.4","ASP5",0.8,0.731,-0.017,-0.69,0.779,0.82,-0.175,0.159
"288","AT3G18240.2","AT3G18240/MIE15_3",0.206,0.762,0.823,0.527,0.302,0.674,0.63,0.439
"289","AT4G01660.1","ATABC1",0.712,0.721,0.155,0.433,0.3,0.843,-0.437,-0.0381
"290","AT2G35720.1","ATJ13",0.589,0.803,-0.537,-0.535,0.745,0.762,0.283,-0.384
"291","AT3G27820.1","ATMDAR4",0.526,0.601,0.578,1.06,0.838,0.817,0.0061,-0.179
"292","AT2G35010.2","ATO1",0.313,0.771,-0.262,-0.192,0.726,0.82,-0.0926,-0.0532
"293","AT4G00860.1","ATOZI1",0.796,0.856,0.0211,-0.127,0.765,0.742,-0.136,-0.248
"294","AT4G16800.1","ATP-dependent caseinolytic (Clp) protease/crotonase family protein",0.375,0.86,-0.857,-0.201,0.707,0.815,-0.368,0.212
"295","AT1G33360.1","ATP-dependent Clp protease",0.303,0.515,-0.573,-0.855,0.764,0.836,-0.148,-0.0695
"296","AT1G09620.1","ATP binding",0.545,0.677,-0.515,-0.82,0.815,0.802,0.0817,-0.217
"297","AT5G47030.1","ATP synthase subunit delta', mitochondrial",0.698,0.61,0.592,2.02,0.674,0.765,0.735,0.67
"298","AT1G51650.1","ATP synthase subunit epsilon, mitochondrial",0.701,0.625,0.443,-1.47,0.667,0.705,0.574,0.711
"299","ATMG01190.1","ATP1",0.58,0.69,-0.685,-1.15,0.818,0.839,0.106,0.118
"300","AT5G13450.1","ATP5",0.307,0.542,-1.1,-1.57,0.834,0.852,0.0297,0.0267
"301","ATCG00120.1","ATPA",0.214,0.226,-0.992,-1.94,0.764,0.293,-0.221,-1.1
"302","ATMG01190.1","ATPase, F1 complex, alpha subunit protein",0.58,0.69,-0.685,-1.15,0.818,0.839,0.106,0.118
"303","ATCG00480.1","ATPB",0.483,0.745,-1.04,-1.14,0.834,0.792,-0.0355,-0.436
"304","ATCG00130.1","ATPF",0.785,0.762,-0.0668,-0.565,0.833,0.761,-0.021,-0.311
"305","AT3G52300.1","ATPQ",0.773,0.855,0.07,0.13,0.794,0.83,-0.0923,-0.0782
"306","AT5G42890.1","ATSCP2",0.434,0.86,-1.06,-0.266,0.77,0.708,0.317,0.728
"307","AT5G58070.1","ATTIL",0.521,0.668,-0.427,-0.659,0.737,0.378,0.201,0.699
"308","AT1G66240.1","ATX1",0.448,0.879,-0.338,0.0103,0.541,0.646,0.27,0.293
"309","AT1G15690.1","AVP1",0.701,0.286,-0.171,-1.02,0.71,0.67,-0.185,-0.313
"310","AT1G14450.1","B12",0.79,0.781,-0.038,-0.376,0.79,0.552,-0.103,-0.472
"311","AT3G29970.3","B12D protein",0.684,0.864,-0.556,-0.247,0.386,0.706,1.15,0.798
"312","AT5G52840.1","B13",0.284,0.579,0.246,0.314,0.774,0.541,0.0555,0.207
"313","AT5G08060.1","B14.5a",0.234,0.631,-0.829,-0.848,0.778,0.736,-0.163,-0.359
"314","AT2G42210.5","B14.7",0.691,0.787,-0.541,-0.939,0.348,0.491,-1.23,-1.36
"315","AT2G33220.1","B16.6/GRIM-19.1",0.782,0.752,-0.0866,-0.699,0.826,0.838,-0.0522,-0.0967
"316","AT2G02050.1","B18",0.203,0.68,-0.865,-0.746,0.793,0.747,-0.13,-0.333
"317","AT3G06850.2","BCE2",0.791,0.87,-0.0459,0.0866,0.531,0.388,-0.459,-0.785
"318","AT1G66270.2","BGLU21",0.5,0.553,-0.401,-0.776,0.485,0.245,-0.39,-0.772
"319","AT1G66280.1","BGLU22",0.781,0.853,-0.0531,0.135,0.336,0.357,-0.439,-0.59
"320","AT3G09260.1","BGLU23",0.286,0.394,-2.18,-3.78,0.836,0.853,0.0362,-0.0435
"321","AT5G17560.1","BOLA4",0.73,0.88,0.064,-0.0018,0.819,0.618,0.0203,0.174
"322","AT5G46800.3","BOU",0.338,0.428,-0.67,-1.2,0.666,0.752,-0.324,-0.313
"323","AT1G19580.1","CA1",0.191,0.317,-0.691,-1.12,0.829,0.851,0.0266,0.0189
"324","AT2G38040.2","CAC3",0.803,0.839,-0.00464,-0.209,0.405,0.855,-0.452,-0.00351
"325","AT5G63510.1","CAL1",0.331,0.673,-0.757,-0.827,0.834,0.85,0.0213,0.0282
"326","AT1G29900.1","CARB",0.78,0.829,0.0726,-0.289,0.483,0.783,-0.47,0.231
"327","AT5G23060.1","CAS",0.642,0.334,-0.267,-1.07,0.783,0.647,0.116,-0.381
"328","AT1G20630.1","CAT1",0.126,0.615,-1.44,-1.25,0.839,0.812,-0.000362,0.247
"329","AT1G20620.1","CAT3",0.573,0.62,-0.221,-0.433,0.752,0.819,0.105,-0.075
"330","AT5G17770.1","CBR1",0.804,0.854,0.00182,-0.189,0.785,0.773,-0.147,-0.274
"331","AT3G52950.2","CBSCBSPB3",0.725,0.651,-0.197,-0.754,0.248,0.835,-0.663,-0.0843
"332","AT5G10860.1","CBSX3",0.796,0.746,0.014,0.273,0.125,0.342,0.397,0.4
"333","AT1G74470.1","CHLP",0.456,0.401,-0.372,-0.837,0.808,0.369,-0.0615,-0.543
"334","AT5G65940.4","CHY1",0.701,0.856,0.211,0.146,0.774,0.74,0.14,0.287
"335","AT5G61790.1","CNX1",0.785,0.609,-0.0713,-0.97,0.221,0.766,0.8,0.318
"336","AT3G62810.2","complex 1 family protein / LVR family protein",0.802,0.881,-0.0131,0.00377,0.46,0.829,-0.659,0.14
"337","AT5G64400.1","CONTAINS InterPro DOMAIN/s: CHCH (InterPro:IPR010625)",0.126,0.603,-0.835,-0.754,0.482,0.2,-0.427,-0.9
"338","AT2G42490.1","Copper amine oxidase family protein",0.743,0.364,-0.0951,-0.744,0.788,0.844,0.0778,-0.0288
"339","AT4G05400.3","copper ion binding",0.185,0.537,0.312,0.365,0.269,0.473,0.241,0.246
"340","AT4G12340.1","copper ion binding.1",0.613,0.799,-0.661,-0.739,0.647,0.269,0.602,1.66
"341","AT2G30920.2","COQ3",0.737,0.837,0.182,-0.271,0.635,0.727,0.362,0.366
"342","AT1G02410.3","COX11",0.787,0.841,-0.0484,-0.218,0.816,0.749,0.0605,-0.277
"343","AT1G53030.1","COX17-1",0.62,0.722,0.322,0.555,0.629,0.79,-0.318,-0.198
"344","AT1G53030.1","COX17-2",0.753,0.738,0.147,0.608,0.675,0.802,-0.318,-0.198
"345","AT4G23760.1","Cox19-like CHCH family protein",0.711,0.748,-0.163,-0.403,0.796,0.749,0.0848,0.226
"346","AT1G09794.1","Cox19 family protein (CHCH motif).1",0.663,0.736,-0.244,-0.476,0.435,0.461,-0.423,-0.55
"347","AT3G15640.2","COX5B-1",0.785,0.857,-0.0369,0.0983,0.599,0.838,-0.236,-0.0448
"348","AT1G80230.1","COX5B-2",0.287,0.565,1.28,1.69,0.837,0.837,-0.0142,0.145
"349","AT4G37830.1","COX6A",0.745,0.747,-0.212,-0.756,0.28,0.851,-0.866,0.0305
"350","AT1G14980.1","CPN10",0.358,0.736,-0.197,-0.183,0.789,0.821,-0.0409,0.0419
"351","AT5G20720.4","CPN21",0.692,0.768,-0.352,-0.693,0.406,0.623,0.746,-0.691
"352","AT3G23990.1","CPN60",0.736,0.88,-0.0465,0.00205,0.278,0.467,-0.169,-0.177
"353","AT2G28000.1","CPN60A1",0.607,0.668,-0.427,-0.827,0.682,0.853,-0.336,0.0128
"354","AT1G55490.5","CPN60B1",0.533,0.497,-0.371,-0.852,0.83,0.209,-0.0241,-0.809
"355","AT2G04030.2","CR88",0.674,0.513,-0.186,-0.676,0.488,0.371,-0.314,-0.515
"356","AT1G08830.2","CSD1",0.793,0.779,-0.0305,-0.396,0.812,0.814,-0.0657,0.129
"357","AT2G28190.1","CSD2",0.735,0.845,0.193,-0.24,0.761,0.813,-0.198,-0.172
"358","AT1G52760.1","CSE",0.726,0.683,0.197,-0.7,0.388,0.423,-0.557,-0.715
"359","AT3G58750.1","CSY2",0.59,0.813,-0.672,0.608,0.81,0.831,0.14,0.168
"360","AT2G42790.1","CSY3",0.259,0.836,-0.462,-0.166,0.567,0.144,0.256,0.695
"361","AT3G55440.1","CTIMC",0.628,0.68,-0.256,-0.518,0.766,0.724,-0.129,-0.262
"362","AT4G01150.1","CURT1A",0.723,0.846,0.192,-0.211,0.802,0.673,-0.0971,-0.416
"363","AT5G40810.2","CYC12",0.176,0.327,-1.05,-1.63,0.837,0.834,-0.0099,-0.11
"364","AT3G56070.2","CYP19-3",0.37,0.706,-0.231,-0.243,0.797,0.83,-0.0423,-0.0391
"365","AT2G30490.1","CYP73A5",0.535,0.218,-0.37,-1.28,0.772,0.648,-0.132,-0.381
"366","AT5G53560.1","CYTB5-E",0.653,0.556,-0.339,-1.02,0.829,0.558,-0.0356,-0.62
"367","AT1G22840.1","CYTC-1",0.795,0.869,-0.0614,-0.166,0.804,0.656,-0.189,0.879
"368","AT5G58005.2","Cytochrome c oxidase, subunit Vib family protein",0.583,0.873,0.48,-0.0757,0.834,0.827,-0.0214,-0.137
"369","AT4G33680.1","DAP",0.697,0.73,-0.23,-0.558,0.781,0.828,-0.137,-0.102
"370","AT3G03100.1","DAP13/B17.2",0.792,0.715,-0.0301,-0.461,0.81,0.427,-0.0613,-0.516
"371","AT1G48420.3","DCD",0.443,0.491,-0.536,-1.04,0.503,0.843,-0.454,0.0524
"372","AT5G46180.1","DELTA-OAT",0.375,0.542,0.186,0.296,0.671,0.385,0.0934,0.231
"373","AT5G66120.2","DHQS",0.681,0.432,-0.169,-0.716,0.788,0.519,-0.0824,-0.382
"374","AT1G54220.2","Dihydrolipoyllysine-residue acetyltransferase component 3 of pyruvate dehydrogenase complex, mitochondrial",0.721,0.749,-0.0692,-0.186,0.182,0.197,-0.247,-0.344
"375","AT5G55070.2","Dihydrolipoyllysine-residue succinyltransferase component of 2-oxoglutarate dehydrogenase complex 1, mitochondrial",0.804,0.784,0.001,-0.171,0.396,0.782,-0.206,-0.0896
"376","AT4G26910.3","Dihydrolipoyllysine-residue succinyltransferase component of 2-oxoglutarate dehydrogenase complex 2, mitochondrial",0.75,0.866,0.0475,-0.0356,0.236,0.561,-0.22,-0.187
"377","AT5G06580.1","DLD",0.122,0.589,-1.15,-1.07,0.75,0.797,0.243,0.244
"378","AT4G31210.2","DNA topoisomerase, type IA, core",0.604,0.71,-0.36,-0.611,0.205,0.75,0.673,0.292
"379","AT1G72170.1","DUF543",0.523,0.756,-0.324,-0.369,0.614,0.764,-0.254,-0.193
"380","AT1G59900.1","E1 ALPHA",0.803,0.877,-0.00158,0.00883,0.372,0.351,-0.165,-0.235
"381","AT5G25940.1","early nodulin-related",0.286,0.737,-0.631,-0.52,0.837,0.835,0.00655,0.0752
"382","AT1G76150.1","ECH2",0.62,0.734,0.337,0.554,0.815,0.796,-0.0668,0.193
"383","AT4G16210.1","ECHIA",0.769,0.727,-0.12,-0.705,0.791,0.646,0.147,0.55
"384","AT4G14430.1","ECI2",0.394,0.855,0.624,-0.177,0.697,0.764,-0.29,-0.293
"385","AT5G22350.1","ELM1",0.793,0.698,-0.0288,-0.5,0.775,0.702,-0.119,-0.294
"386","AT1G48850.1","EMB1144",0.774,0.814,-0.0841,-0.328,0.779,0.819,0.139,-0.127
"387","AT3G02660.2","emb2768",0.75,0.838,0.17,0.3,0.642,0.632,-0.393,-0.568
"388","AT1G74030.1","ENO1",0.741,0.41,-0.0892,-0.641,0.171,0.781,-0.402,-0.129
"389","AT1G76180.2","ERD14",0.641,0.514,-0.345,-1.07,0.553,0.476,-0.441,-0.688
"390","AT1G30960.1","ERG",0.518,0.775,-0.402,-0.409,0.192,0.585,0.613,0.463
"391","AT3G14210.1","ESM1",0.142,0.461,-2.55,-3.1,0.83,0.846,-0.0804,0.121
"392","AT1G50940.1","ETFA",0.695,0.856,-0.22,-0.144,0.831,0.432,0.0221,-0.62
"393","AT5G43430.2","ETFB",0.542,0.813,-0.662,0.531,0.76,0.756,-0.272,-0.435
"394","AT4G25315.2","Expressed protein",0.783,0.784,-0.0836,-0.585,0.781,0.833,-0.187,-0.12
"395","AT1G42960.1","expressed protein localized to the inner membrane of the chloroplast.",0.75,0.861,-0.229,-0.219,0.81,0.745,0.129,-0.499
"396","AT5G04750.1","F1F0-ATPase inhibitor protein, putative",0.794,0.751,0.0651,-1.09,0.736,0.844,0.442,-0.103
"397","AT3G24200.1","FAD/NAD(P)-binding oxidoreductase family protein",0.784,0.729,0.0288,0.274,0.821,0.765,0.0246,-0.126
"398","AT5G49555.1","FAD/NAD(P)-binding oxidoreductase family protein.1",0.509,0.38,-0.382,-0.98,0.453,0.774,-0.398,-0.204
"399","AT3G57280.1","FAX1",0.37,0.821,0.614,0.325,0.836,0.645,0.0111,-0.469
"400","AT4G38970.1","FBA2",0.392,0.757,-0.864,-0.769,0.833,0.676,-0.0274,-0.623
"401","AT2G01140.1","FBA3",0.529,0.595,-0.525,-0.985,0.113,0.542,0.949,0.672
"402","AT2G27510.1","FD3",0.802,0.833,0.0117,-0.344,0.786,0.59,0.168,0.664
"403","AT4G25100.5","FSD1",0.628,0.875,0.831,0.109,0.714,0.849,-0.607,-0.0737
"404","AT2G29080.1","FTSH3",0.737,0.874,-0.155,-0.0495,0.331,0.75,-0.533,-0.275
"405","AT2G26140.1","FTSH4",0.215,0.832,0.539,-0.191,0.705,0.786,-0.18,-0.155
"406","AT2G47510.3","FUM1",0.115,0.575,-0.317,-0.3,0.32,0.327,-0.2,-0.276
"407","AT1G24280.1","G6PD3",0.589,0.626,-0.397,-0.802,0.218,0.671,-0.696,-0.44
"408","AT1G48520.1","GATB",0.633,0.812,0.397,0.421,0.837,0.855,-0.00952,0.00206
"409","AT1G14060.1","GCK domain-containing protein",0.142,0.763,-0.438,-0.248,0.836,0.528,-0.00592,0.292
"410","AT1G32470.1","GDH3",0.762,0.846,-0.15,-0.271,0.805,0.508,-0.118,-0.783
"411","AT3G14220.1","GDSL esterase/lipase At3g14220",0.673,0.795,-0.394,-0.582,0.58,0.849,-0.552,-0.0441
"412","AT1G23310.1","GGAT1",0.484,0.711,-0.29,-0.364,0.798,0.79,0.0637,-0.125
"413","AT3G47930.1","GLDH",0.8,0.875,-0.0118,-0.0342,0.802,0.805,-0.0781,-0.139
"414","AT5G35630.3","GLN2",0.788,0.616,-0.0527,-0.832,0.694,0.722,0.284,-0.363
"415","AT3G14420.2","GLO1",0.607,0.554,-0.237,-0.603,0.692,0.796,0.179,0.13
"416","AT3G14415.3","GLO2",0.804,0.775,0.00156,-0.431,0.662,0.836,0.285,0.0722
"417","AT4G18360.4","GLO5",0.506,0.855,0.42,-0.146,0.602,0.802,0.328,-0.163
"418","AT5G53460.3","GLT1",0.79,0.466,0.0331,-0.814,0.635,0.699,0.256,-0.293
"419","AT2G41220.1","GLU2",0.787,0.754,0.0453,-0.44,0.579,0.845,0.327,-0.0397
"420","AT4G19880.3","Glutathione S-transferase family protein",0.444,0.806,-0.47,-0.33,0.566,0.566,-0.353,-0.486
"421","AT5G42150.1","Glutathione S-transferase family protein.1",0.475,0.687,-0.421,-0.56,0.839,0.85,0.000577,0.0226
"422","AT2G05520.5","Glycine-rich protein family",0.694,0.589,-0.341,-1.19,0.482,0.359,-0.652,-1.08
"423","AT4G12130.1","Glycine cleavage T-protein family",0.736,0.789,-0.157,-0.395,0.599,0.529,0.341,0.543
"424","AT4G11600.1","GPX6",0.737,0.855,-0.17,-0.169,0.411,0.505,-0.529,-0.622
"425","AT1G23100.1","GroES-like family protein",0.49,0.85,-0.39,-0.152,0.339,0.697,0.46,0.31
"426","AT3G15090.1","GroES-like zinc-binding alcohol dehydrogenase family protein",0.564,0.538,-0.452,-1.05,0.811,0.825,-0.0871,-0.128
"427","AT3G56460.1","GroES-like zinc-binding alcohol dehydrogenase family protein.1",0.401,0.795,-0.237,-0.17,0.606,0.806,0.151,0.0718
"428","AT2G05520.5","GRP3",0.685,0.823,0.301,-0.362,0.626,0.256,-0.403,-1.06
"429","AT2G05380.1","GRP3S",0.568,0.841,0.338,-0.194,0.72,0.673,0.197,0.35
"430","AT3G15660.2","GRXS15",0.721,0.777,0.0637,0.148,0.328,0.429,0.187,0.22
"431","AT5G63570.1","GSA1",0.698,0.581,-0.269,-0.992,0.838,0.436,-0.00337,-0.771
"432","AT5G63570.1","GSA2",0.608,0.296,-0.324,-1.22,0.608,0.454,-0.325,-0.593
"433","AT4G23100.3","GSH1",0.793,0.114,-0.0391,-1.86,0.662,0.818,-0.321,-0.146
"434","AT4G02520.1","GSTF2",0.769,0.877,-0.0985,-0.0283,0.757,0.822,-0.18,0.123
"435","AT4G02520.1","GSTF3",0.208,0.857,-0.728,-0.147,0.655,0.803,-0.294,-0.168
"436","AT5G41210.1","GSTT1",0.69,0.828,-0.298,-0.347,0.804,0.833,0.114,-0.107
"437","AT3G49725.1","GTP-binding protein At3g49725, chloroplastic",0.121,0.679,0.665,0.491,0.12,0.703,0.574,0.272
"438","AT3G10690.1","GYRA",0.381,0.822,-0.377,-0.2,0.552,0.781,-0.263,0.15
"439","AT3G10270.1","GYRB1",0.509,0.85,-0.441,0.179,0.783,0.843,0.13,0.051
"440","AT3G10270.1","GYRBM",0.68,0.792,0.233,-0.366,0.634,0.841,0.295,0.0544
"441","AT5G44730.2","Haloacid dehalogenase-like hydrolase (HAD) superfamily protein",0.77,0.694,0.0409,-0.276,0.451,0.574,-0.207,-0.229
"442","AT3G08950.1","HCC1",0.55,0.696,-0.19,-0.29,0.804,0.853,-0.0421,-0.00611
"443","AT2G26800.5","HMGCL",0.23,0.787,0.768,-0.442,0.155,0.591,-0.761,-0.532
"444","AT1G68010.1","HPR",0.802,0.832,-0.00254,-0.0973,0.688,0.824,0.0989,0.043
"445","AT2G33210.2","HSP60-2",0.688,0.856,-0.0718,-0.0461,0.376,0.671,-0.155,-0.12
"446","AT3G13860.1","HSP60-3A",0.781,0.863,-0.0203,0.0352,0.348,0.371,-0.168,-0.224
"447","AT5G09590.1","HSP70-10",0.536,0.757,0.129,0.151,0.584,0.639,0.112,0.136
"448","AT5G02500.1","HSP70-18",0.375,0.831,-0.488,-0.227,0.71,0.841,-0.206,-0.0486
"449","AT5G02500.1","HSP70-3",0.218,0.856,-0.703,-0.149,0.729,0.843,-0.206,-0.0486
"450","AT4G24280.1","HSP70-6",0.801,0.674,0.0106,-0.605,0.515,0.672,-0.386,-0.369
"451","AT4G24280.1","HSP70-7",0.717,0.766,0.26,-0.62,0.525,0.562,-0.546,-0.698
"452","AT5G56030.1","HSP81-1",0.723,0.875,-0.206,0.0443,0.697,0.806,0.284,-0.182
"453","AT5G56030.1","HSP90-2",0.603,0.531,-0.394,-1.03,0.714,0.811,0.265,-0.17
"454","AT5G56030.1","HSP90-3",0.785,0.88,-0.0663,-0.00723,0.804,0.684,0.106,-0.457
"455","AT5G56030.1","HSP90-4",0.637,0.843,-0.303,-0.211,0.647,0.463,-0.302,-0.608
"456","AT4G29130.1","HXK1",0.278,0.554,-0.927,-1.23,0.817,0.844,-0.0862,-0.0638
"457","AT2G19860.1","HXK2",0.798,0.874,-0.0153,0.0368,0.689,0.763,-0.196,-0.193
"458","AT5G47210.1","Hyaluronan / mRNA binding family",0.227,0.859,-0.692,0.131,0.754,0.838,0.172,0.0663
"459","AT3G06810.1","IBR3",0.793,0.797,0.0369,-0.414,0.831,0.853,0.0254,-0.0115
"460","AT1G54340.1","ICDH",0.593,0.754,0.458,0.631,0.108,0.508,-0.99,-0.735
"461","AT4G35260.1","IDH1",0.187,0.743,-0.273,-0.185,0.17,0.2,-0.244,-0.331
"462","AT4G13430.1","IIL1",0.708,0.536,-0.165,-0.712,0.153,0.13,-0.56,-0.824
"463","AT1G50510.1","indigoidine synthase A family protein",0.796,0.806,0.034,-0.445,0.828,0.824,0.0425,-0.144
"464","AT4G19540.1","INDL",0.299,0.589,0.561,0.719,0.834,0.622,0.0144,-0.409
"465","AT1G56560.1","INVA",0.8,0.774,-0.0159,0.508,0.682,0.695,-0.308,0.421
"466","AT1G18500.1","IPMS1",0.601,0.879,0.395,0.0165,0.436,0.544,-0.536,-0.611
"467","AT3G02780.1","IPP2",0.481,0.857,-0.193,-0.0609,0.614,0.798,-0.139,-0.0758
"468","AT2G16710.2","Iron-sulfur assembly protein IscA-like 1, mitochondrial",0.141,0.597,1.16,1.1,0.801,0.692,0.134,-0.516
"469","AT5G03905.1","Iron-sulfur assembly protein IscA-like 2, mitochondrial",0.579,0.794,0.476,0.496,0.756,0.827,0.223,-0.134
"470","AT4G22220.1","ISU1",0.704,0.73,0.121,0.309,0.805,0.846,-0.0497,-0.0216
"471","AT1G52070.2","JAL10",0.783,0.844,0.0987,0.339,0.49,0.719,0.703,-0.537
"472","AT3G16450.3","JAL33",0.38,0.605,-0.914,-1.27,0.757,0.831,-0.284,-0.149
"473","AT3G16460.2","JAL34",0.433,0.621,-1.55,-2.24,0.806,0.843,0.254,0.154
"474","AT3G16470.4","JAL35",0.766,0.863,0.0843,-0.0977,0.482,0.481,-0.368,-0.501
"475","AT1G33790.2","JAL4",0.143,0.391,-0.711,-0.959,0.784,0.818,0.11,-0.111
"476","AT5G46290.2","KAS1",0.402,0.591,-0.929,-1.38,0.768,0.777,0.27,-0.397
"477","AT1G04710.1","KAT1",0.333,0.689,-0.432,-0.454,0.815,0.848,-0.0461,-0.0233
"478","AT5G48880.1","KAT5",0.705,0.842,0.26,-0.266,0.438,0.137,0.578,1.26
"479","AT1G53000.1","KDSB",0.641,0.593,-0.293,-0.775,0.82,0.764,-0.0518,-0.249
"480","AT3G58610.3","Ketol-acid reductoisomerase, chloroplastic",0.648,0.484,-0.237,-0.792,0.783,0.851,-0.106,-0.0166
"481","AT3G05970.1","LACS6",0.537,0.611,-0.441,-0.81,0.833,0.757,0.0203,0.285
"482","AT5G27600.1","LACS7",0.775,0.868,0.0796,-0.0882,0.817,0.743,0.061,0.293
"483","AT3G59820.4","LETM1-like protein.1",0.563,0.834,-0.584,-0.377,0.779,0.749,0.206,0.425
"484","AT2G34420.1","LHB1B1",0.613,0.569,-0.866,-2.18,0.817,0.75,-0.154,-0.727
"485","AT2G34420.1","LHB1B2",0.574,0.579,-0.942,-2.06,0.816,0.744,-0.154,-0.727
"486","AT1G61520.2","LHCA3",0.763,0.85,0.249,-0.429,0.435,0.609,-1.11,-1.11
"487","AT3G47470.1","LHCA4",0.742,0.611,0.181,-0.924,0.136,0.739,-0.885,-0.364
"488","AT5G54270.1","LHCB3",0.789,0.877,-0.0825,0.0563,0.836,0.393,0.0197,-1.24
"489","AT5G01530.1","LHCB4.1",0.782,0.87,-0.153,0.174,0.771,0.17,0.369,-2.39
"490","AT3G08940.2","LHCB4.2",0.396,0.174,-0.36,-1.01,0.791,0.406,0.0764,-0.441
"491","AT1G15820.1","LHCB6",0.134,0.823,-1.06,-0.369,0.838,0.736,0.00705,-0.385
"492","AT2G20860.3","LIP1",0.501,0.852,-0.405,0.156,0.733,0.786,0.188,-0.189
"493","AT1G04640.2","LIP2",0.623,0.72,-0.362,-0.634,0.813,0.838,0.0788,-0.0765
"494","AT1G56070.3","LOS1",0.74,0.611,0.154,-0.768,0.683,0.831,-0.27,-0.091
"495","AT1G48030.5","LPD1",0.303,0.683,-0.244,-0.248,0.119,0.234,-0.294,-0.344
"496","AT2G38530.1","LTP2",0.789,0.698,-0.0402,-0.564,0.662,0.751,0.269,-0.257
"497","AT5G61220.3","LYR family of Fe/S cluster biogenesis protein",0.702,0.872,-0.0914,-0.0265,0.494,0.7,-0.181,-0.152
"498","AT3G19508.1","LYR motif-containing protein At3g19508",0.401,0.879,-0.468,-0.014,0.824,0.828,-0.0368,0.0879
"499","AT5G11880.1","LYSA1",0.349,0.84,0.68,0.262,0.424,0.669,-0.561,-0.469
"500","AT5G11880.1","LYSA2",0.733,0.881,0.215,-0.00147,0.686,0.819,-0.341,-0.166
"501","AT1G63940.4","MDAR6",0.376,0.519,-0.229,-0.379,0.178,0.601,-0.275,-0.197
"502","AT3G47520.1","MDH",0.791,0.755,0.0456,-0.571,0.815,0.294,-0.0758,-0.939
"503","AT5G28540.1","MED37A",0.142,0.621,-1.22,-1.08,0.796,0.848,-0.153,0.0446
"504","AT5G02500.1","MED37C",0.221,0.861,-0.65,0.111,0.716,0.842,-0.206,-0.0486
"505","AT5G02500.1","MED37E",0.599,0.82,-0.45,0.389,0.765,0.846,-0.206,-0.0486
"506","AT1G60550.1","MENB",0.796,0.755,-0.0156,-0.313,0.698,0.628,0.16,0.289
"507","AT5G41970.1","Metal-dependent protein hydrolase",0.776,0.869,0.0969,0.0956,0.737,0.764,0.249,-0.314
"508","AT1G09300.1","Metallopeptidase M24 family protein",0.621,0.86,-0.316,0.127,0.701,0.56,0.24,0.509
"509","AT4G21090.3","MFDX2",0.381,0.737,-0.242,-0.231,0.78,0.382,-0.059,-0.305
"510","AT3G06860.1","MFP2",0.615,0.584,-0.279,0.686,0.544,0.211,0.331,0.765
"511","AT5G27540.2","MIRO1",0.695,0.776,0.323,0.617,0.73,0.774,-0.298,-0.332
"512","AT4G30000.1","MitHPPK/DHPS",0.708,0.835,-0.138,-0.164,0.427,0.723,-0.317,-0.216
"513","AT2G19680.2","Mitochondrial ATP synthase subunit G protein",0.781,0.859,-0.0552,0.111,0.753,0.819,-0.15,-0.106
"514","AT4G26210.2","Mitochondrial ATP synthase subunit G protein.1",0.661,0.835,-0.629,-0.561,0.439,0.356,1.07,1.67
"515","AT4G29480.1","Mitochondrial ATP synthase subunit G protein.2",0.334,0.686,-0.869,-0.921,0.809,0.848,-0.114,-0.0453
"516","AT2G41600.3","Mitochondrial glycoprotein family protein",0.803,0.869,0.00728,0.0866,0.275,0.233,-0.66,-0.993
"517","AT5G02050.1","Mitochondrial glycoprotein family protein.4",0.79,0.875,-0.0171,0.0177,0.378,0.585,0.206,0.2
"518","AT3G01740.1","Mitochondrial ribosomal protein L37",0.734,0.791,0.167,-0.403,0.556,0.717,0.39,0.341
"519","AT1G53240.1","mMDH1",0.661,0.854,-0.117,0.0682,0.78,0.827,-0.0575,0.0435
"520","AT2G05990.2","MOD1",0.463,0.853,0.65,0.223,0.484,0.591,-0.59,-0.661
"521","AT4G20020.2","MORF1",0.782,0.814,0.118,-0.618,0.785,0.607,-0.242,-0.903
"522","AT3G06790.2","MORF3",0.306,0.805,0.57,0.323,0.122,0.239,0.686,0.801
"523","AT1G32580.1","MORF5",0.235,0.617,1.93,2.05,0.299,0.542,1.56,1.48
"524","AT5G20090.4","MPC1",0.718,0.877,-0.163,0.0237,0.813,0.829,-0.059,-0.0821
"525","AT4G22310.1","MPC4",0.58,0.767,0.232,-0.289,0.765,0.72,-0.101,-0.207
"526","AT5G14040.1","MPT3",0.19,0.562,-1.85,-2.08,0.806,0.812,-0.209,-0.355
"527","AT5G17920.2","MS1",0.643,0.695,-0.469,-0.966,0.811,0.799,-0.114,-0.283
"528","AT3G10920.1","MSD1",0.381,0.824,-0.292,-0.153,0.556,0.404,-0.202,-0.351
"529","AT4G25130.1","MSR4",0.783,0.803,0.0209,-0.125,0.292,0.679,0.2,0.136
"530","AT1G65290.1","MTACP2",0.621,0.855,-0.144,-0.0688,0.567,0.853,-0.165,0.00536
"531","AT2G19080.1","MTX1",0.778,0.856,-0.117,-0.246,0.349,0.842,-0.862,-0.0844
"532","AT1G54030.1","MVP1",0.676,0.406,-0.298,-1.28,0.822,0.841,0.0567,-0.066
"533","AT4G20760.1","NAD(P)-binding Rossmann-fold superfamily protein.2",0.645,0.635,0.299,-0.721,0.719,0.603,-0.227,-0.483
"534","AT5G10730.1","NAD(P)-binding Rossmann-fold superfamily protein.3",0.175,0.686,-0.535,-0.432,0.74,0.816,-0.136,-0.0931
"535","ATMG00510.1","Nad7m/49 kDa",0.789,0.861,-0.102,-0.276,0.83,0.808,-0.0593,-0.355
"536","ATMG00070.1","Nad9m/30 kDa",0.115,0.581,1.75,1.63,0.831,0.805,0.0462,-0.326
"537","AT3G15950.1","NAI2",0.799,0.87,-0.0246,0.11,0.206,0.667,-0.952,-0.597
"538","AT4G28220.2","NDB1",0.796,0.721,-0.0315,-0.69,0.177,0.548,-0.827,-0.655
"539","AT4G05020.1","NDB2",0.773,0.815,-0.062,-0.237,0.663,0.484,-0.214,-0.44
"540","AT2G20800.1","NDB4",0.745,0.879,-0.174,0.0204,0.447,0.804,-0.565,-0.202
"541","AT2G31490.1","NDU8/B15",0.62,0.772,-0.432,-0.593,0.829,0.675,-0.0389,0.523
"542","AT4G20150.1","NDU9/B14.5b",0.701,0.802,0.219,0.361,0.64,0.693,-0.311,-0.369
"543","AT5G65720.3","NIFS1",0.785,0.879,-0.0205,-0.00452,0.527,0.743,-0.148,-0.107
"544","AT3G20970.1","NIFU4",0.716,0.852,-0.0948,-0.0821,0.606,0.598,0.166,0.234
"545","AT1G51390.1","NIFU5",0.397,0.636,-0.246,-0.325,0.56,0.655,-0.173,-0.19
"546","AT3G44320.1","NIT3",0.134,0.809,-1.01,-0.408,0.742,0.778,0.232,0.27
"547","AT1G49670.1","NQR",0.247,0.806,-0.469,-0.239,0.819,0.672,-0.0383,-0.271
"548","AT2G17420.2","NTRA",0.802,0.879,-0.0107,0.0269,0.79,0.673,0.18,0.614
"549","AT5G04830.2","Nuclear transport factor 2 (NTF2) family protein",0.721,0.302,-0.118,-0.801,0.787,0.839,0.0772,-0.041
"550","AT1G19360.2","Nucleotide-diphospho-sugar transferase family protein",0.716,0.783,-0.146,-0.313,0.484,0.733,-0.329,-0.233
"551","AT5G65620.1","OOP",0.737,0.801,-0.193,0.45,0.599,0.764,-0.428,-0.312
"552","AT2G06050.3","OPR3",0.585,0.853,-0.595,-0.267,0.545,0.749,-0.639,-0.461
"553","AT1G28510.1","Optic atrophy 3 protein (OPA3)",0.551,0.749,-0.537,-0.675,0.691,0.826,-0.347,0.141
"554","ATMG00640.1","ORF25",0.152,0.824,-0.678,-0.239,0.749,0.433,-0.155,-0.534
"555","AT1G75330.1","OTC",0.631,0.69,-0.408,-0.812,0.784,0.775,-0.168,0.304
"556","AT3G11070.1","Outer membrane OMP85 family protein",0.795,0.863,0.0278,0.109,0.815,0.85,-0.0627,-0.0216
"557","AT5G05520.1","Outer membrane OMP85 family protein.1",0.471,0.732,-0.509,-0.58,0.75,0.831,-0.196,-0.0988
"558","AT3G55400.1","OVA1",0.787,0.861,0.033,0.0831,0.239,0.854,-0.403,-0.00379
"559","AT3G13490.1","OVA5",0.483,0.852,-0.459,-0.17,0.173,0.39,0.672,0.677
"560","AT5G52520.1","OVA6",0.262,0.742,0.667,-0.516,0.795,0.841,-0.106,-0.0559
"561","AT3G03060.1","P-loop containing nucleoside triphosphate hydrolases superfamily protein.1",0.631,0.839,-0.444,-0.322,0.783,0.652,-0.185,-0.598
"562","AT1G67350.2","P1/11 kDa",0.649,0.864,0.296,0.111,0.169,0.819,-0.698,-0.128
"563","AT2G27730.4","P2/16 kDa",0.772,0.811,0.22,-0.851,0.82,0.842,-0.136,-0.137
"564","AT3G28480.1","P4H7",0.645,0.834,0.249,-0.208,0.762,0.804,0.139,-0.14
"565","AT3G16420.3","PBP1",0.312,0.702,-1.76,-1.72,0.817,0.852,-0.171,0.0479
"566","AT4G20260.6","PCAP1",0.108,0.641,0.717,0.565,0.808,0.396,-0.0643,-0.542
"567","AT2G15690.1","PCMP-H66",0.611,0.418,0.437,1.39,0.822,0.814,0.0622,-0.184
"568","AT1G01090.1","PDH-E1 ALPHA",0.54,0.668,-0.51,-0.82,0.314,0.751,-0.692,-0.346
"569","AT2G34590.1","PDH-E1 BETA",0.103,0.357,-1.11,-1.43,0.774,0.634,-0.18,-0.546
"570","AT5G50850.1","PDH2",0.721,0.778,-0.0642,-0.148,0.15,0.298,-0.244,-0.276
"571","AT1G21750.2","PDIL1-1",0.791,0.347,0.033,-0.984,0.663,0.852,-0.24,-0.0133
"572","AT5G60640.3","PDIL1-4",0.201,0.857,-0.869,-0.17,0.772,0.85,0.174,-0.0261
"573","AT3G06483.1","PDK",0.804,0.833,0.00373,0.484,0.384,0.684,-0.964,-0.724
"574","AT3G18410.2","PDSW",0.788,0.776,-0.0935,-0.844,0.73,0.704,0.407,-0.683
"575","AT3G13150.1","Pentatricopeptide repeat-containing protein At3g13150",0.122,0.732,0.482,0.301,0.174,0.203,0.377,0.513
"576","AT3G13160.1","Pentatricopeptide repeat-containing protein At3g13160, mitochondrial",0.785,0.854,0.0399,-0.114,0.68,0.649,0.193,0.305
"577","AT3G15590.2","Pentatricopeptide repeat-containing protein At3g15590, mitochondrial",0.293,0.864,0.997,-0.171,0.719,0.806,0.355,0.257
"578","AT4G38150.3","Pentatricopeptide repeat-containing protein At4g38150",0.477,0.783,0.412,0.365,0.726,0.401,-0.19,-0.588
"579","AT5G09450.1","Pentatricopeptide repeat-containing protein At5g09450, mitochondrial",0.539,0.622,0.474,0.845,0.617,0.726,0.383,0.368
"580","AT5G51740.1","Peptidase family M48 family protein",0.4,0.849,0.384,0.132,0.778,0.825,0.0998,-0.079
"581","AT2G31140.1","Peptidase S24/S26A/S26B/S26C family protein.1",0.412,0.863,0.414,-0.0888,0.601,0.811,-0.272,-0.117
"582","AT4G03280.2","PETC",0.791,0.78,-0.0543,-0.58,0.584,0.428,0.491,-0.877
"583","AT1G01820.1","PEX11C",0.66,0.76,-0.486,-0.837,0.708,0.624,0.418,0.798
"584","AT2G45740.3","PEX11D",0.804,0.573,-0.00142,-0.588,0.723,0.619,0.155,0.325
"585","AT3G61070.3","PEX11E",0.588,0.274,-0.291,-1.07,0.738,0.729,0.161,0.253
"586","AT5G62810.1","PEX14",0.416,0.844,-0.779,0.308,0.771,0.756,0.223,0.4
"587","AT4G34200.1","PGDH1",0.701,0.749,0.201,-0.462,0.522,0.764,0.376,-0.234
"588","AT4G24620.1","PGI1",0.524,0.739,-0.412,-0.508,0.658,0.605,-0.283,0.459
"589","AT5G18800.2","PGIV",0.772,0.822,-0.0967,-0.333,0.828,0.837,-0.0363,-0.0785
"590","AT3G12780.1","PGK1",0.691,0.769,-0.343,-0.666,0.573,0.688,-0.541,-0.549
"591","AT4G28510.1","PHB1",0.709,0.759,0.17,-0.398,0.823,0.835,0.0377,0.0644
"592","AT5G40770.1","PHB3",0.49,0.581,-1.3,-2.33,0.828,0.827,0.0887,0.291
"593","AT3G27280.2","PHB4",0.604,0.855,0.47,-0.214,0.374,0.778,-0.702,0.309
"594","AT2G20530.2","PHB6",0.445,0.701,-0.757,-0.914,0.82,0.839,0.079,0.0987
"595","AT3G58140.1","Phenylalanine--tRNA ligase, chloroplastic/mitochondrial",0.792,0.874,-0.0162,-0.0214,0.311,0.787,0.245,0.0901
"596","AT1G56190.2","Phosphoglycerate kinase 2, chloroplastic",0.413,0.539,0.539,-0.913,0.146,0.633,-0.73,-0.456
"597","AT3G22960.1","PKP1",0.769,0.697,0.102,-0.666,0.722,0.77,-0.242,-0.265
"598","AT5G52920.1","PKP2",0.657,0.649,-0.211,-0.521,0.438,0.383,-0.354,-0.523
"599","AT1G06530.1","PMD2",0.138,0.667,-1.07,-0.848,0.747,0.837,-0.24,-0.0894
"600","AT2G22780.1","PMDH1",0.737,0.846,0.392,0.484,0.788,0.813,0.298,0.351
"601","AT5G09660.2","PMDH2",0.345,0.443,-0.311,-0.55,0.813,0.623,0.0371,-0.243
"602","AT4G17650.1","Polyketide cyclase / dehydrase and lipid transport protein",0.579,0.681,-0.686,-1.18,0.439,0.329,0.868,1.41
"603","AT5G09650.1","PPA6",0.603,0.612,-0.336,-0.736,0.538,0.335,-0.387,-0.737
"604","AT3G16230.9","Predicted eukaryotic LigT",0.172,0.79,-0.679,-0.344,0.822,0.514,0.0423,-0.491
"605","AT4G26860.1","Predicted pyridoxal phosphate-dependent enzyme, YBL036C type",0.665,0.609,-0.26,-0.733,0.797,0.684,-0.1,-0.367
"606","AT1G49630.3","PREP2",0.588,0.867,-0.425,-0.11,0.222,0.788,-0.737,-0.241
"607","AT4G20930.1","Probable 3-hydroxyisobutyrate dehydrogenase, mitochondrial",0.778,0.732,0.0819,0.602,0.11,0.818,-0.855,-0.146
"608","AT2G39270.1","Probable adenylate kinase 6, chloroplastic",0.569,0.83,0.489,0.337,0.807,0.799,-0.104,0.229
"609","AT3G62400.1","Probable cytochrome c oxidase subunit 5C-1",0.757,0.857,-0.264,-0.322,0.792,0.626,-0.25,1
"610","AT4G16580.1","Probable protein phosphatase 2C 55",0.722,0.859,0.181,0.134,0.564,0.568,-0.37,-0.506
"611","AT5G53140.2","Probable protein phosphatase 2C 76",0.711,0.845,-0.217,-0.216,0.781,0.793,0.143,-0.206
"612","AT3G45770.1","Probable trans-2-enoyl-CoA reductase, mitochondrial",0.69,0.861,-0.342,-0.181,0.785,0.582,-0.183,-0.727
"613","AT3G52960.1","PRXIIE",0.706,0.763,-0.247,-0.548,0.776,0.465,0.166,-0.715
"614","AT3G06050.1","PRXIIF",0.251,0.806,-0.296,-0.151,0.557,0.825,-0.165,-0.0467
"615","AT3G26060.3","PRXQ",0.57,0.789,0.301,-0.317,0.818,0.837,-0.0452,-0.0572
"616","ATCG00350.1","PSAA",0.744,0.536,0.129,-0.799,0.832,0.749,0.0179,-0.25
"617","ATCG00340.1","PSAB",0.689,0.836,-0.177,-0.181,0.798,0.634,-0.0754,-0.331
"618","ATCG01060.1","PSAC",0.135,0.813,-0.757,-0.293,0.821,0.726,-0.0456,-0.289
"619","AT4G28750.1","PSAE1",0.781,0.657,-0.0673,-0.695,0.826,0.77,0.0388,-0.249
"620","AT4G12800.1","PSAL",0.76,0.796,0.216,-0.723,0.766,0.781,0.303,-0.419
"621","AT4G35630.1","PSAT1",0.69,0.765,-0.23,-0.454,0.366,0.704,0.509,0.346
"622","AT2G17630.1","PSAT2",0.749,0.482,0.0922,-0.669,0.458,0.433,-0.312,-0.437
"623","ATCG00020.1","PSBA",0.578,0.624,-0.368,-0.723,0.741,0.766,0.194,-0.247
"624","ATCG00680.1","PSBB",0.316,0.591,-0.431,-0.565,0.717,0.826,0.161,-0.0752
"625","ATCG00280.1","PSBC",0.764,0.824,-0.191,-0.523,0.839,0.299,-0.00279,-1.46
"626","ATCG00270.1","PSBD",0.718,0.857,0.185,-0.142,0.696,0.822,0.244,-0.113
"627","AT5G66570.1","PSBO1",0.559,0.866,-0.983,-0.25,0.81,0.806,0.193,-0.409
"628","AT1G06680.2","PSBP1",0.608,0.578,-0.804,-1.95,0.819,0.76,-0.133,-0.619
"629","AT4G05180.2","PSBQ2",0.597,0.87,0.282,-0.0595,0.816,0.371,-0.0492,-0.569
"630","AT1G44575.3","PSBS",0.654,0.803,-0.576,-0.725,0.522,0.49,-0.829,-1.19
"631","AT5G11770.1","PSST/20 kDa",0.16,0.238,-0.921,-1.61,0.782,0.732,-0.152,-0.357
"632","AT3G54110.1","PUMP1",0.311,0.836,-0.863,-0.337,0.797,0.803,-0.146,-0.238
"633","AT5G09840.1","Putative endonuclease or glycosyl hydrolase",0.742,0.455,-0.108,-0.739,0.623,0.761,0.237,0.189
"634","AT3G17810.1","PYD1",0.802,0.77,-0.00972,-0.523,0.805,0.543,-0.101,-0.623
"635","AT3G08860.2","PYD4",0.705,0.757,0.255,0.584,0.727,0.805,-0.259,-0.199
"636","AT5G23300.1","PYRD",0.693,0.798,0.193,-0.315,0.806,0.807,-0.0711,0.135
"637","AT4G32470.1","QCR7-1",0.638,0.756,-0.697,-1.11,0.75,0.845,0.418,0.1
"638","AT5G59840.1","RABE1C",0.778,0.808,-0.0846,-0.403,0.815,0.854,-0.076,-0.00945
"639","AT2G44610.1","RABH1B",0.784,0.434,-0.05,-0.931,0.812,0.829,0.0639,0.0862
"640","AT2G44610.1","RABH1C",0.374,0.583,-0.499,-0.727,0.434,0.637,0.422,0.393
"641","AT2G44610.1","RABH1D",0.496,0.689,-0.485,-0.67,0.75,0.763,-0.197,0.274
"642","AT2G44610.1","RABH1E",0.796,0.767,0.029,-0.524,0.807,0.787,0.0948,0.235
"643","AT1G67090.1","RBCS-1A",0.798,0.866,-0.0579,0.278,0.6,0.615,-0.995,-1.33
"644","AT4G13850.1","RBG2",0.585,0.834,0.171,0.117,0.224,0.581,0.294,0.236
"645","AT1G74230.1","RBG5",0.375,0.777,1.41,1.09,0.103,0.259,1.96,2.13
"646","AT2G39730.3","RCA",0.728,0.794,-0.279,-0.621,0.777,0.102,-0.225,-1.74
"647","AT1G30510.3","RFNR2",0.749,0.631,-0.108,-0.568,0.541,0.77,-0.312,-0.191
"648","AT3G01790.2","Ribosomal protein L13 family protein",0.664,0.805,-0.348,-0.45,0.151,0.466,0.905,0.782
"649","AT2G42710.1","Ribosomal protein L1p/L10e family",0.124,0.306,0.656,0.956,0.163,0.359,0.526,0.552
"650","AT4G28360.1","Ribosomal protein L22p/L17e family protein.1",0.771,0.827,0.0959,-0.299,0.427,0.827,0.514,0.112
"651","AT4G23620.1","Ribosomal protein L25/Gln-tRNA synthetase, anti-codon-binding domain",0.79,0.539,0.0698,1.52,0.836,0.742,0.0185,-0.499
"652","AT1G07830.1","ribosomal protein L29 family protein",0.79,0.538,0.0401,-0.866,0.61,0.796,0.328,-0.181
"653","AT5G53070.1","Ribosomal protein L9/RNase H1",0.685,0.787,0.318,-0.53,0.719,0.618,0.294,0.603
"654","AT3G18240.2","Ribosomal protein S24/S35, mitochondrial",0.322,0.798,0.593,0.368,0.12,0.526,0.736,0.545
"655","AT4G39200.2","Ribosomal protein S25 family protein",0.758,0.804,-0.196,-0.594,0.201,0.855,-1.08,-0.00581
"656","AT3G01800.1","Ribosome recycling factor",0.568,0.787,-0.391,-0.416,0.703,0.756,0.251,0.276
"657","AT5G45775.1","RPL11A",0.784,0.849,0.0598,-0.189,0.688,0.176,-0.266,-0.979
"658","AT5G45775.1","RPL11B",0.51,0.415,-0.492,-1.21,0.815,0.267,-0.0733,-0.94
"659","AT5G45775.1","RPL11B.1",0.574,0.863,0.473,0.145,0.642,0.668,-0.388,-0.506
"660","AT5G45775.1","RPL11B.2",0.474,0.804,-0.638,-0.481,0.698,0.527,-0.339,-0.748
"661","AT1G67430.1","RPL17B",0.762,0.833,0.0983,0.229,0.762,0.847,0.148,0.031
"662","AT3G04400.2","RPL23C",0.506,0.854,-0.365,-0.131,0.833,0.842,0.0158,0.0438
"663","AT3G04400.2","RPL23C.1",0.777,0.877,0.0738,0.0304,0.834,0.844,0.0158,0.0438
"664","AT3G04400.2","RPL23C.2",0.261,0.45,-0.564,-0.861,0.833,0.842,0.0158,0.0438
"665","AT2G19730.3","RPL28A",0.651,0.538,-0.42,-1.3,0.796,0.82,0.152,-0.181
"666","AT5G65220.1","RPL29",0.804,0.766,-0.00349,-0.492,0.834,0.835,-0.0159,-0.0843
"667","AT3G59540.1","RPL38B",0.678,0.852,-0.396,0.271,0.166,0.834,-1.08,0.126
"668","AT3G59540.1","RPL38B.1",0.723,0.86,-0.288,0.209,0.619,0.769,-0.52,0.385
"669","AT3G17465.1","RPL3B",0.719,0.75,-0.277,-0.731,0.262,0.753,0.869,0.402
"670","AT3G52590.1","RPL40B",0.789,0.879,-0.0789,0.0232,0.546,0.337,-0.703,-1.35
"671","AT3G52590.1","RPL40B.1",0.744,0.824,-0.254,-0.506,0.689,0.395,-0.457,-1.19
"672","AT3G62870.1","RPL7AA",0.728,0.794,0.126,-0.28,0.786,0.757,-0.0906,-0.194
"673","AT3G62870.1","RPL7AB",0.73,0.867,0.151,-0.0795,0.797,0.781,-0.0906,-0.194
"674","AT2G18020.1","RPL8A",0.784,0.832,-0.0702,-0.312,0.689,0.23,-0.316,-1.07
"675","AT2G18020.1","RPL8C",0.626,0.765,-0.386,-0.562,0.713,0.304,-0.281,-0.96
"676","AT1G33140.1","RPL9B",0.497,0.777,-0.391,-0.377,0.727,0.823,0.187,-0.0994
"677","AT1G33140.1","RPL9B.1",0.791,0.854,-0.0388,-0.163,0.749,0.829,0.187,-0.0994
"678","AT1G68990.1","RPOT1",0.399,0.844,-0.435,-0.167,0.178,0.392,0.544,0.552
"679","AT4G00100.1","RPS13A",0.6,0.796,0.396,0.433,0.818,0.493,-0.0652,-0.666
"680","AT4G00100.1","RPS13B",0.723,0.752,-0.15,-0.409,0.808,0.211,-0.0652,-0.746
"681","AT3G11510.1","RPS14B",0.189,0.564,-0.802,-0.896,0.725,0.846,0.229,-0.0421
"682","AT5G59850.1","RPS15AA",0.583,0.839,-0.316,-0.198,0.767,0.788,0.136,-0.176
"683","AT5G59850.1","RPS15AA.1",0.269,0.877,-0.436,0.0179,0.734,0.757,0.136,-0.176
"684","AT5G59850.1","RPS15AD",0.711,0.312,0.138,-0.844,0.738,0.761,0.136,-0.176
"685","AT5G18380.2","RPS16A",0.773,0.821,0.114,-0.404,0.839,0.176,-0.00246,-1.3
"686","AT5G18380.2","RPS16B",0.658,0.739,-0.437,-0.82,0.839,0.161,-0.00246,-1.54
"687","AT4G09800.1","RPS18A",0.764,0.856,0.172,-0.251,0.302,0.817,-0.939,-0.222
"688","AT4G09800.1","RPS18A.1",0.724,0.837,-0.301,-0.39,0.309,0.816,-0.925,-0.222
"689","AT4G09800.1","RPS18A.2",0.696,0.878,-0.388,-0.0416,0.246,0.818,-1.04,-0.222
"690","AT3G03600.1","RPS2",0.544,0.781,0.502,0.523,0.619,0.29,0.408,1
"691","AT4G39200.2","RPS25E",0.725,0.84,0.274,-0.34,0.179,0.855,-1.02,-0.00581
"692","AT3G56340.1","RPS26A",0.195,0.83,-0.973,-0.342,0.817,0.588,0.0762,-0.638
"693","AT3G56340.1","RPS26B",0.386,0.871,-0.56,-0.0708,0.811,0.586,0.0762,-0.506
"694","AT3G56340.1","RPS26C",0.706,0.836,0.246,-0.281,0.815,0.608,0.0762,-0.551
"695","AT3G52590.1","RPS27AA",0.8,0.878,-0.0271,0.037,0.564,0.327,-0.703,-1.43
"696","AT3G52590.1","RPS27AB",0.791,0.878,0.0622,-0.0326,0.699,0.173,-0.409,-1.58
"697","AT3G52590.1","RPS27AC",0.801,0.878,0.0179,-0.0318,0.682,0.199,-0.408,-1.41
"698","AT4G33865.1","RPS29A",0.679,0.847,-0.287,-0.22,0.392,0.771,0.575,0.275
"699","AT4G33865.1","RPS29A.1",0.785,0.877,0.0818,-0.0423,0.187,0.819,0.985,0.187
"700","AT4G33865.1","RPS29A.2",0.732,0.774,-0.229,-0.602,0.53,0.852,0.549,0.0205
"701","AT5G35530.1","RPS3A",0.416,0.88,0.619,0.00821,0.827,0.232,0.0421,-1.04
"702","AT5G35530.1","RPS3B",0.8,0.859,-0.017,0.18,0.828,0.231,0.0421,-1.18
"703","AT5G35530.1","RPS3C",0.729,0.874,0.255,-0.0677,0.829,0.348,0.0421,-1.09
"704","ATMG00290.1","RPS4",0.224,0.838,1.06,0.347,0.613,0.315,0.496,1.15
"705","AT2G37270.2","RPS5A",0.662,0.851,-0.411,-0.264,0.761,0.614,0.249,-0.7
"706","AT2G37270.2","RPS5B",0.294,0.836,-0.846,-0.324,0.748,0.627,0.249,-0.604
"707","AT3G52590.1","RUB1",0.602,0.837,0.512,-0.35,0.623,0.347,-0.482,-1.09
"708","AT3G52590.1","RUB2",0.764,0.846,-0.213,-0.404,0.582,0.311,-0.741,-1.6
"709","AT1G24610.1","Rubisco methyltransferase family protein",0.797,0.879,-0.0311,-0.0187,0.156,0.794,-0.929,-0.254
"710","AT1G43800.1","S-ACP-DES6",0.776,0.721,-0.0745,-0.55,0.721,0.789,0.217,-0.198
"711","AT1G15810.1","S15/NS1, RNA-binding protein",0.771,0.858,0.0867,-0.141,0.698,0.809,0.247,-0.152
"712","AT1G80620.1","S15/NS1, RNA-binding protein.1",0.714,0.447,0.174,-0.908,0.778,0.709,-0.123,-0.305
"713","AT4G02380.2","SAG21",0.479,0.546,-0.545,-1.03,0.725,0.855,-0.253,-0.00196
"714","AT4G13940.3","SAHH1",0.649,0.786,-0.515,-0.724,0.787,0.614,-0.218,-0.826
"715","AT4G13940.3","SAHH2",0.753,0.867,-0.191,-0.141,0.743,0.378,-0.291,-1.06
"716","AT3G27380.2","SDH2-1",0.696,0.788,-0.199,-0.353,0.757,0.726,-0.151,-0.281
"717","AT5G40650.1","SDH2-2",0.798,0.797,-0.0242,0.473,0.822,0.855,-0.0581,-0.0039
"718","AT5G09600.2","SDH3-1",0.78,0.839,-0.0947,-0.319,0.814,0.538,-0.0928,-0.753
"719","AT5G09600.2","SDH3-1.1",0.688,0.773,-0.325,-0.607,0.783,0.482,-0.177,-0.813
"720","AT1G47420.1","SDH5",0.682,0.763,-0.148,-0.282,0.543,0.837,-0.237,-0.0426
"721","AT1G08480.1","SDH6",0.791,0.847,-0.0276,-0.139,0.803,0.795,-0.0652,0.135
"722","AT5G62575.1","SDH7B",0.794,0.847,-0.063,-0.409,0.574,0.855,-0.779,0.0033
"723","AT3G10370.1","SDP6",0.267,0.498,-0.473,-0.681,0.732,0.852,-0.149,-0.0119
"724","AT3G12800.1","SDRB",0.285,0.772,-0.978,-0.681,0.835,0.855,0.0177,-0.00317
"725","AT4G24190.2","SHD",0.281,0.875,-0.494,-0.0342,0.594,0.845,-0.268,-0.0336
"726","AT4G37930.1","SHM1",0.254,0.866,0.225,0.0316,0.327,0.745,0.181,0.0952
"727","AT3G01910.1","SOX",0.776,0.305,-0.0862,-1.41,0.8,0.779,0.109,-0.251
"728","AT4G27585.1","SPFH/Band 7/PHB domain-containing membrane-associated protein family",0.306,0.545,-0.826,-1.18,0.839,0.851,0.000371,0.0261
"729","AT5G54100.1","SPFH/Band 7/PHB domain-containing membrane-associated protein family.1",0.326,0.786,-0.516,-0.352,0.752,0.625,-0.155,-0.39
"730","AT2G34630.1","SPS3",0.242,0.778,1.06,0.659,0.411,0.472,0.747,0.923
"731","AT1G79230.3","STR1",0.279,0.553,-0.249,-0.332,0.351,0.649,-0.203,-0.163
"732","AT2G31670.1","Stress responsive alpha-beta barrel domain protein",0.579,0.783,-0.34,-0.382,0.446,0.607,-0.425,-0.433
"733","AT5G08300.1","Succinyl-CoA ligase [ADP-forming] subunit alpha-1, mitochondrial",0.153,0.713,-0.309,-0.22,0.359,0.617,-0.2,-0.176
"734","AT5G23250.1","Succinyl-CoA ligase [ADP-forming] subunit alpha-2, mitochondrial",0.804,0.856,-0.00921,-0.407,0.805,0.816,-0.235,0.368
"735","AT3G27570.2","Sucrase/ferredoxin-like family protein",0.671,0.844,-0.444,-0.354,0.821,0.762,-0.0841,-0.435
"736","AT3G17910.1","SURF1",0.195,0.84,-0.568,0.168,0.806,0.799,-0.0631,-0.135
"737","AT3G48140.1","T24C20_20",0.193,0.752,-0.582,-0.382,0.464,0.497,-0.348,-0.449
"738","AT2G31240.1","Tetratricopeptide repeat (TPR)-like superfamily protein",0.118,0.622,0.758,0.638,0.732,0.833,-0.181,-0.0735
"739","AT1G06950.1","TIC110",0.754,0.818,0.172,-0.424,0.728,0.488,-0.294,-0.813
"740","AT3G18890.1","TIC62",0.778,0.863,0.0715,0.115,0.529,0.832,0.405,0.0864
"741","AT3G13920.3","TIF4A-1",0.654,0.877,0.351,-0.0333,0.589,0.737,-0.439,0.374
"742","AT3G13920.3","TIF4A-2",0.733,0.621,-0.206,-0.916,0.733,0.834,-0.257,-0.0998
"743","AT3G13920.3","TIF4A-3",0.673,0.732,-0.365,-0.76,0.759,0.855,-0.239,-0.00203
"744","AT2G21170.2","TIM",0.637,0.708,-0.299,-0.575,0.777,0.847,0.138,0.0334
"745","AT2G29530.2","TIM10",0.793,0.876,-0.0855,0.0859,0.511,0.541,-1.02,-1.32
"746","AT2G35795.1","TIM14-1",0.201,0.729,0.69,-0.505,0.787,0.671,0.113,0.369
"747","AT3G10110.3","TIM22",0.648,0.88,-0.366,-0.00968,0.798,0.837,-0.128,0.09
"748","AT3G10110.3","TIM22.1",0.523,0.418,-0.35,-0.881,0.794,0.677,-0.089,0.321
"749","AT2G36070.1","TIM44-2",0.159,0.821,-0.948,-0.354,0.819,0.838,0.0657,0.0786
"750","AT1G55900.2","TIM50",0.673,0.498,-0.235,-0.867,0.808,0.703,-0.072,-0.322
"751","AT5G50810.1","TIM8",0.48,0.315,-0.608,-1.61,0.827,0.842,-0.0457,-0.0712
"752","AT3G46560.1","TIM9",0.112,0.795,-2.01,-0.868,0.827,0.469,-0.0794,-1.38
"753","AT3G60750.2","TKL-1",0.662,0.742,-0.447,-0.846,0.174,0.842,1.1,0.088
"754","AT2G45290.2","TKL-2",0.36,0.452,-0.657,-1.17,0.741,0.721,-0.225,-0.378
"755","AT1G10950.1","TMN1",0.794,0.805,0.0583,-0.675,0.711,0.848,-0.452,-0.058
"756","AT1G14670.1","TMN2",0.617,0.84,-0.373,-0.255,0.456,0.79,-0.518,-0.225
"757","AT1G14670.1","TMN3",0.799,0.776,-0.0224,-0.593,0.636,0.849,-0.428,-0.0362
"758","AT1G27390.1","TOM20-2",0.208,0.873,-1.06,0.0758,0.828,0.842,-0.0466,0.0747
"759","AT3G27080.1","TOM20-3",0.78,0.856,-0.0916,0.205,0.145,0.111,-0.972,-1.45
"760","AT5G40930.2","TOM20-4",0.425,0.728,-0.606,-0.644,0.796,0.823,-0.124,-0.136
"761","AT5G43970.1","TOM9-2",0.152,0.311,-0.995,-1.53,0.8,0.821,-0.119,0.148
"762","AT5G26260.1","TRAF-like family protein.2",0.621,0.813,-0.488,-0.492,0.285,0.309,-0.869,-1.18
"763","AT1G29810.2","Transcriptional coactivator/pterin dehydratase",0.739,0.855,-0.133,0.136,0.226,0.133,-0.536,-0.888
"764","AT4G33760.2","tRNA synthetase class II (D, K and N) family protein",0.794,0.876,-0.0378,-0.0465,0.719,0.84,0.271,-0.0745
"765","AT4G29840.1","TS1",0.742,0.315,-0.185,-1.52,0.108,0.8,-0.953,-0.22
"766","AT5G38530.1","TSBtype2",0.778,0.528,-0.104,-1.29,0.229,0.588,-0.879,-0.699
"767","AT5G58220.1","TTL",0.648,0.764,0.244,-0.391,0.831,0.257,0.0195,-0.711
"768","AT4G02930.1","TUFA",0.381,0.843,-0.196,-0.0749,0.696,0.64,-0.0896,-0.155
"769","AT4G20360.2","TUFA.1",0.701,0.785,0.36,-0.677,0.815,0.694,-0.106,-0.603
"770","AT3G59280.2","TXR1",0.689,0.74,0.262,-0.58,0.809,0.845,-0.0863,-0.0465
"771","AT1G16700.1","TYKY/23 kDa",0.675,0.857,-0.543,-0.311,0.839,0.495,-0.000554,-1.24
"772","AT5G13430.1","Ubiquinol-cytochrome C reductase iron-sulfur subunit",0.167,0.675,-1.05,-0.858,0.714,0.835,-0.306,-0.103
"773","AT5G13430.1","Ubiquinol-cytochrome C reductase iron-sulfur subunit.1",0.423,0.836,-0.774,-0.36,0.735,0.838,-0.306,-0.103
"774","AT3G52590.1","UBQ10",0.663,0.795,-0.446,-0.625,0.604,0.288,-0.562,-1.33
"775","AT3G52590.1","UBQ11",0.566,0.77,-0.719,-0.845,0.509,0.342,-0.784,-1.4
"776","AT3G52590.1","UBQ12",0.782,0.694,-0.106,-1.04,0.698,0.204,-0.423,-1.55
"777","AT3G52590.1","UBQ13",0.801,0.806,-0.0216,-0.672,0.593,0.277,-0.68,-1.59
"778","AT3G52590.1","UBQ14",0.78,0.869,0.139,-0.163,0.558,0.312,-0.79,-1.62
"779","AT3G52590.1","UBQ3",0.692,0.675,-0.347,-0.97,0.552,0.395,-0.577,-1.01
"780","AT3G52590.1","UBQ4",0.803,0.876,0.011,0.0595,0.683,0.21,-0.494,-1.68
"781","AT3G52590.1","UBQ8",0.758,0.836,-0.241,-0.495,0.543,0.421,-0.81,-1.34
"782","AT3G52590.1","UBQ9",0.752,0.878,-0.23,0.0359,0.609,0.237,-0.6,-1.55
"783","AT2G45060.1","Uncharacterised conserved protein UCP022280",0.221,0.583,-0.497,-0.563,0.737,0.818,-0.139,-0.0894
"784","AT4G26410.1","Uncharacterised conserved protein UCP022280.1",0.794,0.414,0.026,-0.898,0.804,0.766,-0.0734,-0.208
"785","AT3G49720.3","Uncharacterized protein At3g49720",0.61,0.131,-0.226,-1.09,0.785,0.752,-0.0844,-0.186
"786","AT2G26230.1","Uricase",0.749,0.675,0.11,-0.525,0.806,0.724,-0.0687,-0.262
"787","AT5G15090.2","VDAC3",0.111,0.273,-1.84,-2.76,0.837,0.828,0.0175,-0.206
"788","AT5G57490.1","VDAC4",0.718,0.862,0.176,0.111,0.722,0.674,-0.204,-0.364
"789","AT1G78900.2","VHA-A",0.377,0.259,-0.449,-1.09,0.525,0.496,-0.328,-0.47
"790","AT1G12840.1","VHA-C",0.556,0.734,-0.439,-0.597,0.834,0.652,0.0189,-0.47
"791","AT4G11150.1","VHA-E1",0.774,0.697,0.0776,-0.579,0.735,0.751,-0.194,-0.265
"792","AT3G01390.4","VHA-G1",0.798,0.859,-0.0183,0.131,0.767,0.631,-0.153,-0.435
"793","AT1G71260.1","WHY2",0.793,0.433,-0.0303,-0.965,0.557,0.597,-0.352,0.446
"794","ATMG00480.1","YMF19",0.688,0.619,-0.389,-1.21,0.835,0.822,-0.0195,-0.193
"795","AT3G54826.1","Zim17-type zinc finger protein",0.747,0.813,-0.118,-0.277,0.787,0.403,0.104,0.565
"796","AT1G58270.1","ZW9",0.722,0.829,-0.18,-0.264,0.793,0.376,-0.109,-0.688
